id ,text,label,index,description,
1,캘리브레이션 창 보여줘 ,/windows/calibration,1,캘리브레이션(보정) 창 열기,
2,캘리 창 열기 ,/windows/calibration,1,보정 창 열기,
3,캘리브레이션 창 열어 ,/windows/calibration,1,보정(캘리브레이션) 창 열기,
4,보정 화면 켜줘 ,/windows/calibration,1,보정 창 열기,
5,캘리브레이션 창 열어줘. ,/windows/calibration,1,,
6,보정 창 열어. ,/windows/calibration,1,,
7,보정 창 켜줘. ,/windows/calibration,1,,
8,보정 상태 보여줘. ,/windows/calibration,1,,
9,셋업 캘리 창,/windows/calibration,1,,
10,캘리,/windows/calibration,1,,
11,캘리브레이션,/windows/calibration,1,,
12,캘리브레이션 작업 시작,/windows/calibration,1,,
13,캘리브레이션 시작,/windows/calibration,1,,
14,calibration 창 보여줘,/windows/calibration,1,,
15,cali,/windows/calibration,1,,
16,calibration,/windows/calibration,1,,
17,히스토리 보여줘,/windows/history,1,,
18,검사 로그 열어줘,/windows/history,1,,
19,기록 창 열어,/windows/history,1,,
20,검사 이력 볼래,/windows/history,1,,
21,검사 기록 확인,/windows/history,1,,
22,검사 이력 봐볼래,/windows/history,1,,
23,히스토리 창 열어줘 ,/windows/history,1,검사 이력/기록 창 열기,
24,이력 확인 창 열어 ,/windows/history,1,검사 기록 창 열기,
25,히스토리 보여줘 ,/windows/history,1,검사 이력 창 열기,
26,기록 확인할래 ,/windows/history,1,전체 검사 기록 창 열기,
27,최근 검사 기록 열어줘 ,/windows/history,1,전체 검사 이력 비교,
28,최근 기록 ,/windows/history,1,최근 전체 이력 빠른 조회,
29,로그 확인 ,/windows/history,1,로그 데이터 확인,
30,이력창 보여줘. ,/windows/history,1,,
31,이력 창 열어. ,/windows/history,1,,
32,히스토리 창 열어 줘. ,/windows/history,1,,
33,히스토리 보여줘. ,/windows/history,1,,
34,SPC history 창,/windows/history,1,,
35,기록 창,/windows/history,1,,
36,히스토리 창,/windows/history,1,,
37,히스토리 창 열어줘,/windows/history,1,검사/프로그램 사용 기록 창 열기,
38,검사 기록 창 보여줘,/windows/history,1,검사 기록 창 열기,
39,검사용 이력 확인,/windows/history,1,검사 결과 기록 조회,
40,기록 조회,/windows/history,1,지정한 날짜의 검사 기록 조회,
41,최근 프로그램 사용 내역 조회,/windows/history,1,프로그램 사용 기록 내역 조회,
42,검사 기록만 필터링해줘,/windows/history,1,조건 지정 없이 전체 기록 조회,
43,기록,/windows/history,1,검사 기록 창 열기,
44,검사 기록 ,/windows/history,1,검사 기록 창 열기,
45,히스토리,/windows/history,1,검사 기록 창 열기,
46,오늘 검사 이력 보여줘 ,/windows/history?date={today},1,오늘 날짜 검사 기록 보기,
47,오늘 검사 기록만 보여줘,/windows/history?date={today},1,오늘 날짜 기준 검사 기록 조회,
48,히스토리 2025-09-18로 보여 ,/windows/history?date=2025-09-18,1,지정일자 히스토리 창 열기,
49,2025년 10월 12일 기록 보여 ,/windows/history?date=2025-10-12,1,지정 날짜 검사 기록 창 열기,
50,lighting 화면 열기,/windows/light,1,,
51,빛 세팅 열어,/windows/light,1,,
52,조명 설정창 켜,/windows/light,1,,
53,라이트 세팅 열기,/windows/light,1,,
54,불 켜 줘 ,/windows/light,1,조명 창 열기,
55,조명 세팅 열기 ,/windows/light,1,조명 설정 창 열기,
56,조명 창 열어줘 ,/windows/light,1,조명 창 열기,
57,조명 켜. ,/windows/light,1,,
58,불 좀 켜줘. ,/windows/light,1,,
59,불 밝게 해줘. ,/windows/light,1,,
60,조명 켜 주세요. ,/windows/light,1,,
61,조명 좀 밝혀. ,/windows/light,1,,
62,불을 최대 밝기로 해! ,/windows/light,1,,
63,불 켜주실 수 있나요? ,/windows/light,1,,
64,조명 최대 밝기. ,/windows/light,1,,
65,라이트 ON ,/windows/light,1,,
66,조명 꺼. ,/windows/light,1,,
67,조명 꺼 주세요. ,/windows/light,1,,
68,불 끄기. ,/windows/light,1,,
69,불 꺼줘. ,/windows/light,1,,
70,불 안 보여. ,/windows/light,1,,
71,불 좀 꺼 ,/windows/light,1,,
72,라이트 창,/windows/light,1,,
73,조명 컨트롤러 값 설정창,/windows/light,1,light 창,
74,라이트 창 열어줘,/windows/light,1,,
75,바코드 실시간 보기 ,/windows/light/live?camera=Barcode,1,바코드 카메라 라이브 뷰,
76,바코드 라이브 켜. ,/windows/light/live?camera=Barcode,1,,
77,카메라 실시간 라이브 BarCode 선택,/windows/light/live?camera=BarCode,1,BarCode 카메라 라이브 뷰 창,
78,카메라 실시간 라이브 바코드 선택,/windows/light/live?camera=BarCode,1,BarCode 카메라 라이브 뷰 창,
79,BarCode 라이브 카메라,/windows/light/live?camera=BarCode,1,BarCode 카메라 라이브 뷰 창,
80,실시간 라이브 카메라 바코드로,/windows/light/live?camera=BarCode,1,BarCode 카메라 라이브 뷰 창,
81,Mapping 라이브 켜 ,/windows/light/live?camera=Mapping,1,매핑 카메라 라이브 뷰 창,
82,맵핑 라이브 켜줘. ,/windows/light/live?camera=Mapping,1,,
83,카메라 실시간 라이브 매핑 선택,/windows/light/live?camera=Mapping,1,매핑 카메라 라이브 뷰 창,
84,카메라 실시간 라이브 Mapping 선택,/windows/light/live?camera=Mapping,1,매핑 카메라 라이브 뷰 창,
85,Mapping 라이브 카메라,/windows/light/live?camera=Mapping,1,매핑 카메라 라이브 뷰 창,
86,실시간 라이브 카메라 Mapping으로,/windows/light/live?camera=Mapping,1,매핑 카메라 라이브 뷰 창,
87,Mapping 카메라 라이브 보여줘,/windows/light/live?camera=Mapping,1,Mapping 카메라 실시간 라이브 뷰 열기,
88,Mapping 카메라 실시간 화면 열기,/windows/light/live?camera=Mapping,1,Mapping 카메라 라이브 화면,
89,Mapping 카메라 실시간 보기,/windows/light/live?camera=Mapping,1,Mapping 카메라 라이브 뷰,
90,Mapping 카메라 라이브 화면 열어줘,/windows/light/live?camera=Mapping,1,Mapping 카메라 실시간 열기,
91,매핑 카메라 라이브 보여주세요,/windows/light/live?camera=Mapping,1,Mapping 카메라 실시간 표시,
92,PRS 라이브 켜 ,/windows/light/live?camera=PRS,1,PRS 카메라 라이브 뷰,
93,조명 라이브 켜기 ,/windows/light/live?camera=PRS,1,PRS 카메라 라이브,
94,PRS 라이브 켜. ,/windows/light/live?camera=PRS,1,,
95,카메라 실시간 라이브 prs 선택,/windows/light/live?camera=PRS,1,PRS 카메라 라이브  뷰 창,
96,PRS 라이브 카메라,/windows/light/live?camera=PRS,1,,
97,실시간 라이브 카메라 prs로,/windows/light/live?camera=PRS,1,PRS 카메라 라이브  뷰 창,
98,SettingX1 뷰 보여 ,/windows/light/live?camera=SettingX1,1,카메라 X1 라이브 창 열기,
99,카메라 실시간 라이브 SettingX1 선택,/windows/light/live?camera=SettingX1,1,SettingX1 카메라 라이브 뷰 창,
100,SettingX1 뷰 ,/windows/light/live?camera=SettingX1,1,카메라 X1 라이브 창 열기,
101,SettingX1 view,/windows/light/live?camera=SettingX1,1,카메라 X1 라이브 창 열기,
102,SettingX1 라이브 뷰 보여줘,/windows/light/live?camera=SettingX1,1,카메라 X1 라이브 창 열기,
103,카메라 실시간 라이브 SettingX2,/windows/light/live?camera=SettingX2,1,SettingX2 카메라 라이브  뷰 창,
104,SettingX2 뷰 보여줘 ,/windows/light/live?camera=SettingX2,1,SettingX2 카메라 라이브  뷰 창,
105,SettingX2 뷰,/windows/light/live?camera=SettingX2,1,SettingX2 카메라 라이브  뷰 창,
106,SettingX2 view,/windows/light/live?camera=SettingX2,1,SettingX2 카메라 라이브  뷰 창,
107,SettingX2 라이브 뷰 보여줘,/windows/light/live?camera=SettingX2,1,SettingX2 카메라 라이브  뷰 창,
108,Run 화면 열어줘,/windows/run,1,Run 화면을 엽니다,
109,런 화면 띄워,/windows/run,1,Run 화면을 엽니다,
110,런 켜,/windows/run,1,Run 화면을 엽니다,
111,Run 창으로 이동,/windows/run,1,Run 화면을 엽니다,
112,런작동창,/windows/run,1,Run 화면을 엽니다,
113,실행 화면 띄워,/windows/run,1,Run 화면을 엽니다,
114,런화면띄워,/windows/run,1,Run 화면을 엽니다,
115,Run화면 켜,/windows/run,1,Run 화면을 엽니다,
116,런모드,/windows/run,1,Run 화면을 엽니다,
117,런탭 보여줘,/windows/run,1,Run 화면을 엽니다,
118,런옵션,/windows/run,1,Run 화면을 엽니다,
119,런 화면 전환,/windows/run,1,Run 화면을 엽니다,
120,런 화면 켜 줘,/windows/run,1,Run 화면을 엽니다,
121,런창,/windows/run,1,Run 화면을 엽니다,
122,런창 보여줘,/windows/run,1,Run 화면을 엽니다,
123,런,/windows/run,1,Run 화면을 엽니다,
124,시스템 옵션 열기,/windows/settings,1,,
125,시스템 설정 열어,/windows/settings,1,,
126,설정 창 열어줘 ,/windows/settings,1,전역/시스템 설정 창 열기,
127,세팅,/windows/settings,1,,
128,시스템 옵션 켜줘,/windows/settings,1,,
129,설정창 보여줘,/windows/settings,1,,
130,SetUp 화면 열어줘,/windows/setup,1,SetUp 화면을 엽니다,
131,셋업 창 켜,/windows/setup,1,SetUp 화면을 엽니다,
132,설정 화면 띄워,/windows/setup,1,SetUp 화면을 엽니다,
133,셋업 메뉴 보여줘,/windows/setup,1,SetUp 화면을 엽니다,
134,셋업창,/windows/setup,1,SetUp 화면을 엽니다,
135,setup 켜줘,/windows/setup,1,SetUp 화면을 엽니다,
136,set up 열어,/windows/setup,1,SetUp 화면을 엽니다,
137,설정 열어,/windows/setup,1,SetUp 화면을 엽니다,
138,설정 ,/windows/setup,1,SetUp 화면을 엽니다,
139,셋업 모드 전환,/windows/setup,1,SetUp 화면을 엽니다,
140,셋업모드,/windows/setup,1,SetUp 화면을 엽니다,
141,setup창,/windows/setup,1,SetUp 화면을 엽니다,
142,SETUP 모드 켜,/windows/setup,1,SetUp 화면을 엽니다,
143,셋업 탭 보여줘,/windows/setup,1,SetUp 화면을 엽니다,
144,설정 탭,/windows/setup,1,SetUp 화면을 엽니다,
145,셋업창으로 이동,/windows/setup,1,SetUp 화면을 엽니다,
146,setup 들어가,/windows/setup,1,SetUp 화면을 엽니다,
147,셋업 화면 띄우기,/windows/setup,1,SetUp 화면을 엽니다,
148,셋업창 열어버려,/windows/setup,1,SetUp 화면을 엽니다,
149,셋업창 켜 버려,/windows/setup,1,SetUp 화면을 엽니다,
150,BGA 티칭 시작,/windows/teaching/bga,1,,
151,BGA 티칭 창 켜,/windows/teaching/bga,1,,
152,BGA 설정창 띄워,/windows/teaching/bga,1,,
153,BGA 티칭 시작 ,/windows/teaching/bga,1,BGA 티칭 창 열기,
154,BGA 창 열어. ,/windows/teaching/bga,1,,
155,BGA 티칭 켜줘. ,/windows/teaching/bga,1,,
156,티칭창 BGA 실행,/windows/teaching/bga,1,,
157,teaching BGA,/windows/teaching/bga,1,,
158,BGA 유형 자재 티칭창 켜줘,/windows/teaching/bga,1,,
159,BGA 티칭 창 열어,/windows/teaching/bga,1,,
160,BGA 티칭 창 열기,/windows/teaching/bga,1,,
161,BGA 티칭 열기,/windows/teaching/bga,1,,
162,BGA teacing 열기,/windows/teaching/bga,1,,
163,BGA teacing open,/windows/teaching/bga,1,,
164,BGA teacing 시작,/windows/teaching/bga,1,,
165,BGA teacing 켜,/windows/teaching/bga,1,,
166,LGA 창 켜,/windows/teaching/lga,1,,
167,LGA 티칭 열어줘,/windows/teaching/lga,1,,
168,LGA 화면 보여,/windows/teaching/lga,1,,
169,LGA 티칭 창 열기,/windows/teaching/lga,1,,
170,LGA 티칭 켜줘 ,/windows/teaching/lga,1,LGA 티칭 창 열기,
171,LGA 티칭 탭 열기 ,/windows/teaching/lga,1,LGA 티칭 창 열기,
172,티칭 창 띄워. ,/windows/teaching/lga,1,,
173,티칭 창 열어 주세요. ,/windows/teaching/lga,1,,
174,LGA 티칭 보여줘. ,/windows/teaching/lga,1,,
175,티칭창 LGA 실행,/windows/teaching/lga,1,,
176,teaching LGA,/windows/teaching/lga,1,,
177,LGA 유형 자재 티칭창 켜줘,/windows/teaching/lga,1,,
178,LGA 티칭 창 켜줘,/windows/teaching/lga,1,,
179,LGA 티칭 창 열어줘,/windows/teaching/lga,1,,
180,맵핑 윈도우 열기,/windows/teaching/mapping,1,,
181,매핑 티칭 열어,/windows/teaching/mapping,1,,
182,매핑 작업 시작,/windows/teaching/mapping,1,,
183,맵핑 창 열어 ,/windows/teaching/mapping,1,맵핑 티칭 창 열기,
184,맵핑 창 띄워줘 ,/windows/teaching/mapping,1,맵핑 창 열기,
185,Mapping 티칭 창 열기 ,/windows/teaching/mapping,1,Mapping 티칭 창 열기,
186,맵핑 창 보여줘. ,/windows/teaching/mapping,1,,
187,맵핑 창 열어 줘. ,/windows/teaching/mapping,1,,
188,맵핑 티칭 실행! ,/windows/teaching/mapping,1,,
189,티칭창 매핑 실행,/windows/teaching/mapping,1,,
190,teaching mapping,/windows/teaching/mapping,1,,
191,매핑 유형 자재 티칭창 켜줘,/windows/teaching/mapping,1,,
192,teaching mapping 시작해줘,/windows/teaching/mapping,1,,
193,매핑 유형 자재 창 보여줘,/windows/teaching/mapping,1,,
194,MAPPING 티칭 창 열어줘,/windows/teaching/mapping,1,MAPPING 티칭 창 열기,
195,MAPPING 티칭 화면 보여주세요,/windows/teaching/mapping,1,MAPPING 티칭 창 표시,
196,매핑 티칭 페이지로 이동,/windows/teaching/mapping,1,MAPPING 티칭 메뉴 이동,
197,매핑 티칭창 실행해줘,/windows/teaching/mapping,1,MAPPING 티칭 화면 실행,
198,MAPPING 티칭 설정 열기,/windows/teaching/mapping,1,MAPPING 티칭 세팅창 열기,
199,매핑 창 띄워주세요,/windows/teaching/mapping,1,MAPPING 창 표시 요청,
200,MAPPING 티칭 메뉴 보여줘,/windows/teaching/mapping,1,MAPPING 메뉴 전체 열기,
201,매핑 티칭 페이지 호출,/windows/teaching/mapping,1,MAPPING 티칭 페이지 열기,
202,MAPPING 티칭화면 띄워줘,/windows/teaching/mapping,1,MAPPING 티칭 창 바로보기,
203,매핑 티칭창으로 이동,/windows/teaching/mapping,1,MAPPING 티칭 창 이동,
204,매핑 티칭 창을 열어 주시겠어요?,/windows/teaching/mapping,1,MAPPING 티칭 창 열기 요청,
205,MAPPING 설정 화면으로 가줘,/windows/teaching/mapping,1,MAPPING 티칭 창 이동,
206,매핑 티칭 페이지 보여주세요,/windows/teaching/mapping,1,MAPPING 티칭 페이지 표시,
207,MAPPING 창 켜줘,/windows/teaching/mapping,1,MAPPING 티칭 창 활성화,
208,매핑 티칭 메뉴 실행,/windows/teaching/mapping,1,MAPPING 티칭 메뉴 실행,
209,MAPPING 티칭으로 전환,/windows/teaching/mapping,1,MAPPING 티칭 전환,
210,매핑 설정 창 띄워 주세요,/windows/teaching/mapping,1,MAPPING 설정 창 열기,
211,MAPPING 티칭 화면 활성화,/windows/teaching/mapping,1,MAPPING 티칭 화면 켜기,
212,매핑 재티칭 시작,/windows/teaching/mapping/reteach,1,,
213,맵핑 리티칭 실행,/windows/teaching/mapping/reteach,1,,
214,매핑 샷 재활성화,/windows/teaching/mapping/reteach,1,,
215,맵핑 다시 티칭,/windows/teaching/mapping/reteach,1,,
216,맵핑 재티칭 창 열어줘 ,/windows/teaching/mapping/reteach,1,맵핑 샷 기반 재티칭 창 열기,
217,Mapping 재티칭 실행 ,/windows/teaching/mapping/reteach,1,Mapping 샷 기반 재티칭 실행,
218,매핑 reteaching 해줘,/windows/teaching/mapping/reteach,1,,
219,mapping reteach 시작,/windows/teaching/mapping/reteach,1,,
220,매핑 샷 기반 재티칭 창 열어주세요,/windows/teaching/mapping/reteach,1,현재 매핑 샷 기반 재티칭 창 열기,
221,매핑 재티칭 창 띄워줘,/windows/teaching/mapping/reteach,1,매핑 재티칭 창 열기,
222,매핑 재티칭 창 열기,/windows/teaching/mapping/reteach,1,매핑 샷 기반 재티칭 창 열기,
223,매핑 재티칭 화면 보여줘,/windows/teaching/mapping/reteach,1,매핑 재티칭 화면 표시,
224,매핑 샷 재티칭 페이지로,/windows/teaching/mapping/reteach,1,매핑 재티칭 페이지 이동,
225,PRS 결과 재티칭,/windows/teaching/prs/reteach,1,,
226,PRS 창 재실행,/windows/teaching/prs/reteach,1,,
227,PRS 재작업 실행,/windows/teaching/prs/reteach,1,,
228,PRS 재티칭 화면 열기 ,/windows/teaching/prs/reteach,1,PRS 결과 기반 재티칭 화면,
229,PRS 재티칭 실행 ,/windows/teaching/prs/reteach,1,PRS 결과 기반 재티칭 실행,
230,PRS 창 다시 실행,/windows/teaching/prs/reteach,1,,
231,PRS 티칭 다시 시작해,/windows/teaching/prs/reteach,1,PRS 결과 기반 재티칭 실행,
232,PRS reteaching 해,/windows/teaching/prs/reteach,1,,
233,QC 창 열기,/windows/teaching/qc,1,,
234,QC 티칭 열어줘,/windows/teaching/qc,1,,
235,QC 교정창 띄워,/windows/teaching/qc,1,,
236,QC 창 띄워줘 ,/windows/teaching/qc,1,QC 창 열기,
237,QC 티칭 부분 열기 ,/windows/teaching/qc,1,QC 티칭 창 열기,
238,QC 창 켜. ,/windows/teaching/qc,1,,
239,QC 티칭 보여줘. ,/windows/teaching/qc,1,,
240,qc 티칭 창 활성화,/windows/teaching/qc,1,,
241,qc 창,/windows/teaching/qc,1,,
242,QFN 화면 열어,/windows/teaching/qfn,1,,
243,QFN 창 켜줘,/windows/teaching/qfn,1,,
244,QFN 티칭 열어,/windows/teaching/qfn,1,,
245,QFN 작업창 띄워,/windows/teaching/qfn,1,,
246,QFN 티칭 열기 ,/windows/teaching/qfn,1,QFN 티칭 창 열기,
247,QFN 창 보여줘 ,/windows/teaching/qfn,1,QFN 창 열기,
248,QFN 티칭 창 열기 ,/windows/teaching/qfn,1,QFN 티칭 창 열기,
249,QFN 작업창 화면 ,/windows/teaching/qfn,1,QFN 작업창 열기,
250,QFN 창 보여줘. ,/windows/teaching/qfn,1,,
251,QFN 티칭 켜. ,/windows/teaching/qfn,1,,
252,티칭창 QFN 실행,/windows/teaching/qfn,1,,
253,teaching QFN,/windows/teaching/qfn,1,,
254,QFN 유형 자재 티칭창 켜줘,/windows/teaching/qfn,1,,
255,qfn 티칭 창 활성화,/windows/teaching/qfn,1,,
256,qfn 창,/windows/teaching/qfn,1,,
257,QFN teacing 열어,/windows/teaching/qfn,1,,
258,QFN teacing 켜,/windows/teaching/qfn,1,QFN 티칭 창 열기,
259,스트립 화면 열기,/windows/teaching/strip,1,,
260,Strip 티칭 켜줘,/windows/teaching/strip,1,,
261,스트립 티칭 열어,/windows/teaching/strip,1,,
262,Strip 창 띄워,/windows/teaching/strip,1,,
263,스트립 교정 시작,/windows/teaching/strip,1,,
264,스트립 티칭 창 열어줘 ,/windows/teaching/strip,1,스트립 티칭 창 열기,
265,strip 티칭 띄워 ,/windows/teaching/strip,1,strip 창 열기,
266,Strip 티칭 창 열어 ,/windows/teaching/strip,1,Strip 티칭 창 열기,
267,Strip 교정 시작 ,/windows/teaching/strip,1,Strip 티칭 교정 시작,
268,Strip 창 켜. ,/windows/teaching/strip,1,,
269,Strip 창 보여줘. ,/windows/teaching/strip,1,,
270,티칭창 STRIP 실행,/windows/teaching/strip,1,,
271,teaching STRIP,/windows/teaching/strip,1,,
272,STRIP 유형 자재 티칭창 켜줘,/windows/teaching/strip,1,,
273,스트립 티칭 창 활성화,/windows/teaching/strip,1,,
274,strip 창,/windows/teaching/strip,1,,
275,Strip 티칭 창,/windows/teaching/strip,1,,
276,스트립 티칭 창,/windows/teaching/strip,1,,
277,1번 카메라 꺼,/live/toggle?switch=OFF&no=1,2,,
278,카메라 1 OFF,/live/toggle?switch=OFF&no=1,2,,
279,1번 카메라 꺼줘,/live/toggle?switch=OFF&no=1,2,,
280,카메라 1 OFF ,/live/toggle?switch=OFF&no=1,2,1번 카메라 끄기,
281,1번 카메라 꺼 ,/live/toggle?switch=OFF&no=1,2,1번 카메라 끄기,
282,1번 카메라 꺼 줘 ,/live/toggle?switch=OFF&no=1,2,1번 카메라 끄기,
283,2번 카메라 꺼,/live/toggle?switch=OFF&no=2,2,,
284,카메라 2 꺼 ,/live/toggle?switch=OFF&no=2,2,2번 카메라 끄기,
285,이번 카메라 꺼 ,/live/toggle?switch=OFF&no=2,2,2번 카메라 끄기,
286,카메라 2 off,/live/toggle?switch=OFF&no=2,2,2번 카메라 끄기,
287,카메라 3 끄기,/live/toggle?switch=OFF&no=3,2,,
288,카메라 3 OFF,/live/toggle?switch=OFF&no=3,2,,
289,카메라 3꺼 줘 ,/live/toggle?switch=OFF&no=3,2,3번 카메라 끄기,
290,삼번 카메라 꺼 ,/live/toggle?switch=OFF&no=3,2,3번 카메라 꺼기,
291,카메라 4 OFF,/live/toggle?switch=OFF&no=4,2,,
292,4번 카메라 꺼,/live/toggle?switch=OFF&no=4,2,,
293,4번 카메라 꺼줘,/live/toggle?switch=OFF&no=4,2,,
294,4번 카메라 끄기 ,/live/toggle?switch=OFF&no=4,2,4번 카메라 끄기,
295,5번 카메라 꺼,/live/toggle?switch=OFF&no=5,2,,
296,5번 카메라 꺼줘,/live/toggle?switch=OFF&no=5,2,,
297,카메라 5 끄기,/live/toggle?switch=OFF&no=5,2,,
298,5번 카메라 끄기 ,/live/toggle?switch=OFF&no=5,2,5번 카메라 끄기,
299,카메라 5 off,/live/toggle?switch=OFF&no=5,2,5번 카메라 끄기,
300,카메라 6 off,/live/toggle?switch=OFF&no=6,2,6번 카메라 끄기,
301,0번 카메라 켜,/live/toggle?switch=ON&no=0,2,,
302,카메라 0번 켜,/live/toggle?switch=ON&no=0,2,,
303,카메라 0번 켜 ,/live/toggle?switch=ON&no=0,2,0번 카메라 켜기,
304,카메라 Zero ON ,/live/toggle?switch=ON&no=0,2,0번 켜기(자연어/영문변형),
305,카메라 1 온,/live/toggle?switch=ON&no=1,2,,
306,1번 카메라 켜 줘,/live/toggle?switch=ON&no=1,2,,
307,카메라 1번 켜,/live/toggle?switch=ON&no=1,2,,
308,카메라 1 켜 ,/live/toggle?switch=ON&no=1,2,1번 카메라 켜기,
309,1번 카메라 On ,/live/toggle?switch=ON&no=1,2,1번 카메라 켜기,
310,카메라 one 라이브 켜줘 ,/live/toggle?switch=ON&no=1,2,1번 카메라 켜기,
311,1 카메라 라이브 ,/live/toggle?switch=ON&no=1,2,1번 카메라 라이브 켜기,
312,카메라 1 on,/live/toggle?switch=ON&no=1,2,1번 카메라 라이브 켜기,
313,카메라 2번 켜,/live/toggle?switch=ON&no=2,2,,
314,카메라 2 볼래,/live/toggle?switch=ON&no=2,2,,
315,2번 카메라 켜 줘,/live/toggle?switch=ON&no=2,2,,
316,2번 카메라 라이브 켜,/live/toggle?switch=ON&no=2,2,,
317,카메라 2번 라이브 켜,/live/toggle?switch=ON&no=2,2,,
318,2번 카메라 켜 줘 ,/live/toggle?switch=ON&no=2,2,2번 카메라 켜기,
319,카메라 2 on,/live/toggle?switch=ON&no=2,2,2번 카메라 라이브 켜기,
320,3번 카메라 켜 줘,/live/toggle?switch=ON&no=3,2,,
321,3번 카메라 켜,/live/toggle?switch=ON&no=3,2,,
322,3번 카메라 라이브 켜,/live/toggle?switch=ON&no=3,2,,
323,카메라 3번 라이브 켜,/live/toggle?switch=ON&no=3,2,,
324,카메라 3 보여줘,/live/toggle?switch=ON&no=3,2,,
325,삼번 카메라 볼래,/live/toggle?switch=ON&no=3,2,,
326,카메라 3 켜 ,/live/toggle?switch=ON&no=3,2,3번 카메라 켜기,
327,삼번 카메라 on 시켜줘 ,/live/toggle?switch=ON&no=3,2,3번 카메라 켜기,
328,카메라 3 on,/live/toggle?switch=ON&no=3,2,3번 카메라 라이브 켜기,
329,카메라 4번 라이브 켜,/live/toggle?switch=ON&no=4,2,,
330,4번 카메라 켜,/live/toggle?switch=ON&no=4,2,,
331,카메라 4 켜줘 ,/live/toggle?switch=ON&no=4,2,4번 카메라 켜기,
332,카메라 4 on,/live/toggle?switch=ON&no=4,2,4번 카메라 라이브 켜기,
333,5번 카메라 라이브 켜,/live/toggle?switch=ON&no=5,2,,
334,카메라 5 켜 ,/live/toggle?switch=ON&no=5,2,5번 카메라 켜기,
335,5번 카메라 라이브 ,/live/toggle?switch=ON&no=5,2,5번 카메라 라이브,
336,카메라 5 on,/live/toggle?switch=ON&no=5,2,5번 카메라 라이브 켜기,
337,카메라 6 on,/live/toggle?switch=ON&no=6,2,6번 카메라 라이브 켜기,
338,BGA 코너 각도 2.5로 세팅 ,/settings/update?propertyName=BgaCornerDegree&value=2.5,3,BgaCornerDegree=2.5,
339,BGA 노디바이스 색상 Red로 ,/settings/update?propertyName=BgaNoDeviceColor&value=Red,3,BgaNoDeviceColor=Red,
340,블록 열 개수 7로 해 ,/settings/update?propertyName=BlockColCount&value=7,3,BlockColCount=7 변경,
341,블록 행 개수 6으로 지정 ,/settings/update?propertyName=BlockRowCount&value=6,3,BlockRowCount=6,
342,FOV 열 개수 4로 맞춰 ,/settings/update?propertyName=FovColCount&value=4,3,FovColCount=4,
343,카메라 FOV 행 5로 바꿔 ,/settings/update?propertyName=FovRowCount&value=5,3,FovRowCount=5 바꿈,
344,바코드 사용 false ,/settings/update?propertyName=IsBarcodeUsed&value=false,3,IsBarcodeUsed 비활성화,
345,바코드 켜줘 ,/settings/update?propertyName=IsBarcodeUsed&value=true,3,IsBarcodeUsed 활성화,
346,불량맵핑 사용 false로 설정 ,/settings/update?propertyName=IsMappingUsed&value=false,3,IsMappingUsed 비활성화,
347,IsMappingUsed 비활성화,/settings/update?propertyName=IsMappingUsed&value=false,3,IsMappingUsed 기능 비활성화,
348,IsMappingUsed 사용 안 함,/settings/update?propertyName=IsMappingUsed&value=false,3,IsMappingUsed 비활성화,
349,매핑 사용 여부 비활성화,/settings/update?propertyName=IsMappingUsed&value=false,3,IsMappingUsed 비활성화,
350,IsMappingUsed 활성화해주세요,/settings/update?propertyName=IsMappingUsed&value=true,3,IsMappingUsed 기능 활성화,
351,IsMappingUsed 기능 켜 주세요,/settings/update?propertyName=IsMappingUsed&value=true,3,IsMappingUsed 활성화 요청,
352,IsMappingUsed 사용 설정,/settings/update?propertyName=IsMappingUsed&value=true,3,IsMappingUsed 활성화,
353,매핑 사용 여부 켜줘,/settings/update?propertyName=IsMappingUsed&value=true,3,IsMappingUsed 사용 활성화,
354,PRS 기능 켜 ,/settings/update?propertyName=IsPrsUsed&value=true,3,IsPrsUsed 활성화,
355,LgaChippingColor가 Gray로 변경됐어요,/settings/update?propertyName=LgaChippingColor&value=Gray,3,Chipping 색상 변경,
356,ChippingColor를 Lime으로,/settings/update?propertyName=LgaChippingColor&value=Lime,3,Chipping 색상 Lime,
357,ChippingColor를 Orange로 지정해 주세요,/settings/update?propertyName=LgaChippingColor&value=Orange,3,Chipping 색상 변경,
358,LGA ChippingColor Pink색 선택,/settings/update?propertyName=LgaChippingColor&value=Pink,3,Chipping 색상 변경,
359,ChippingColor를 Salmon으로,/settings/update?propertyName=LgaChippingColor&value=Salmon,3,,
360,ChippingColor Salmon 선택,/settings/update?propertyName=LgaChippingColor&value=Salmon,3,Chipping 색상 Salmon 지정,
361,LGAChippingColor를 Violet로,/settings/update?propertyName=LgaChippingColor&value=Violet,3,LGA 칩핑 색상 Violet,
362,코너 각도 2.5,/settings/update?propertyName=LgaCornerDegree&value=2.5,3,,
363,CornerDegree 2.7로 조정,/settings/update?propertyName=LgaCornerDegree&value=2.7,3,코너 각도를 2.7로 변경,
364,CornerDegree 값을 3.1로 맞춰 주세요,/settings/update?propertyName=LgaCornerDegree&value=3.1,3,CornerDegree 값 변경,
365,LGA CornerDegree 3.2로 세팅,/settings/update?propertyName=LgaCornerDegree&value=3.2,3,코너각도 설정,
366,LgaCornerDegree를 3.6으로 조절해 주세요,/settings/update?propertyName=LgaCornerDegree&value=3.6,3,코너 각도 조절,
367,CornerDegree를 4.2로,/settings/update?propertyName=LgaCornerDegree&value=4.2,3,CornerDegree 4.2로 설정,
368,LGA CornerDegree를 7.0으로,/settings/update?propertyName=LgaCornerDegree&value=7.0,3,코너 각도 7.0 설정,
369,LeadArea 수치 11,/settings/update?propertyName=LgaLeadArea&value=11,3,LeadArea를 11로 설정,
370,LGA LeadArea 6.8로,/settings/update?propertyName=LgaLeadArea&value=6.8,3,Lead 면적 변경,
371,LeadArea 7로 조정,/settings/update?propertyName=LgaLeadArea&value=7,3,LeadArea 7 설정,
372,LeadArea를 7로 재설정해 주세요,/settings/update?propertyName=LgaLeadArea&value=7,3,LeadArea 값 설정,
373,LgaLeadArea를 8로 설정합니다,/settings/update?propertyName=LgaLeadArea&value=8,3,Lead 면적 조정,
374,LeadOffsetY 0.19로 맞춤,/settings/update?propertyName=LgaLeadOffsetY&value=0.19,3,LeadOffsetY 값을 0.19로,
375,LeadOffsetY 0.22로 맞추기,/settings/update?propertyName=LgaLeadOffsetY&value=0.22,3,LeadOffsetY 0.22조정,
376,LGA LeadOffsetY 0.25로,/settings/update?propertyName=LgaLeadOffsetY&value=0.25,3,Lead Offset Y 변경,
377,LgaLeadOffsetY를 0.28로 맞춰주세요,/settings/update?propertyName=LgaLeadOffsetY&value=0.28,3,Lead Offset Y 조정,
378,LeadOffsetY를 0.3으로 맞춰 주세요,/settings/update?propertyName=LgaLeadOffsetY&value=0.3,3,LeadOffsetY 조정,
379,LgaLeadPerimeter 2.7,/settings/update?propertyName=LgaLeadPerimeter&value=2.7,3,리드 둘레를 2.7로 설정,
380,LGA LeadPerimeter 2.8로 변경,/settings/update?propertyName=LgaLeadPerimeter&value=2.8,3,Lead 주변 길이 조정,
381,LeadPerimeter을 3로 해 주세요,/settings/update?propertyName=LgaLeadPerimeter&value=3,3,LeadPerimeter 설정,
382,LgaLeadPerimeter를 3.3으로 바꿀게요,/settings/update?propertyName=LgaLeadPerimeter&value=3.3,3,Lead Perimeter 조정,
383,LgaLeadPerimeter는 3.6,/settings/update?propertyName=LgaLeadPerimeter&value=3.6,3,리드 둘레 3.6 세팅,
384,LGA LeadPitch 1.2로 조정,/settings/update?propertyName=LgaLeadPitch&value=1.2,3,Lead Pitch 설정,
385,LeadPitch 1.3,/settings/update?propertyName=LgaLeadPitch&value=1.3,3,LeadPitch 값을 1.3으로 설정,
386,LeadPitch를 1.4로 맞춰 주세요,/settings/update?propertyName=LgaLeadPitch&value=1.4,3,LeadPitch 값 변경,
387,LeadPitch 값을 1.6으로,/settings/update?propertyName=LgaLeadPitch&value=1.6,3,LeadPitch 값을 1.6으로 변경,
388,LgaLeadPitch를 1.7로 세팅 부탁드립니다,/settings/update?propertyName=LgaLeadPitch&value=1.7,3,Lead Pitch 세팅,
389,LGA LeadPitch 색 Black으로,/settings/update?propertyName=LgaLeadPitchColor&value=Black,3,LeadPitch 색상 변경,
390,LGALeadPitch 색 Navy로,/settings/update?propertyName=LgaLeadPitchColor&value=Navy,3,LGA 리드 피치 색 Navy,
391,LeadPitch색을 Navy로 설정해 주세요,/settings/update?propertyName=LgaLeadPitchColor&value=Navy,3,LeadPitch 색상 변경,
392,LeadPitch 색 Olive로,/settings/update?propertyName=LgaLeadPitchColor&value=Olive,3,,
393,LeadPitch색을 Olive로,/settings/update?propertyName=LgaLeadPitchColor&value=Olive,3,LeadPitch 색상 Olive 세팅,
394,LeadPitch 색깔 Pink로,/settings/update?propertyName=LgaLeadPitchColor&value=Pink,3,LeadPitch 색상 Pink 설정,
395,LgaLeadPitch 색상을 Purple로 해주세요,/settings/update?propertyName=LgaLeadPitchColor&value=Purple,3,LeadPitch 색상 변경,
396,LeadSizeWidth 설정 1.2,/settings/update?propertyName=LgaLeadSizeWidth&value=1.2,3,리드 폭 1.2로,
397,LGA LeadSizeWidth를 1.5로,/settings/update?propertyName=LgaLeadSizeWidth&value=1.5,3,리드 폭 1.5 설정,
398,LGA LeadSizeWidth 1.7로 변경,/settings/update?propertyName=LgaLeadSizeWidth&value=1.7,3,리드폭 변경,
399,리드 폭 1.8 설정,/settings/update?propertyName=LgaLeadSizeWidth&value=1.8,3,,
400,LgaLeadSizeWidth를 1.9로 저희가 설정했어요,/settings/update?propertyName=LgaLeadSizeWidth&value=1.9,3,Lead 크기 폭 설정,
401,LeadSizeWidth를 2.1로 조정해 주세요,/settings/update?propertyName=LgaLeadSizeWidth&value=2.1,3,LeadSizeWidth 값 변경,
402,LeadSizeWidth 2.4로,/settings/update?propertyName=LgaLeadSizeWidth&value=2.4,3,리드폭 2.4 지정,
403,LGA NoDevice 색상 Blue로 부탁,/settings/update?propertyName=LgaNoDeviceColor&value=Blue,3,NoDevice 색상 지정,
404,LgaNoDevice 색상을 Crimson으로 설정해 주세요,/settings/update?propertyName=LgaNoDeviceColor&value=Crimson,3,NoDevice 색상 변경,
405,LGA NoDeviceColor를 Gold로,/settings/update?propertyName=LgaNoDeviceColor&value=Gold,3,NoDevice 색상 Gold,
406,NoDeviceColor를 Navy로 변경,/settings/update?propertyName=LgaNoDeviceColor&value=Navy,3,NoDevice 색상 Navy 적용,
407,NoDevice 색상을 Red로 설정해 주세요,/settings/update?propertyName=LgaNoDeviceColor&value=Red,3,NoDevice 색상 변경 요청,
408,NoDevice 색상 Teal로,/settings/update?propertyName=LgaNoDeviceColor&value=Teal,3,,
409,NoDevice 색상 선택 Teal,/settings/update?propertyName=LgaNoDeviceColor&value=Teal,3,NoDevice 색상 Teal 지정,
410,LGA PackageSizeHeight 5로,/settings/update?propertyName=LgaPackageSizeHeight&value=5,3,패키지 세로크기 5,
411,LGA PackageSizeHeight 5.3,/settings/update?propertyName=LgaPackageSizeHeight&value=5.3,3,,
412,LGA PackageSizeHeight 6.1,/settings/update?propertyName=LgaPackageSizeHeight&value=6.1,3,패키지 높이 6.1로 변경,
413,LGA PackageSizeHeight 6.2로,/settings/update?propertyName=LgaPackageSizeHeight&value=6.2,3,패키지 높이 변경,
414,LgaPackageSizeHeight를 7.3으로 바꿔주세요,/settings/update?propertyName=LgaPackageSizeHeight&value=7.3,3,Package 높이 조절,
415,PackageSizeHeight를 7.5로 맞춰 주세요,/settings/update?propertyName=LgaPackageSizeHeight&value=7.5,3,Package 높이 조정,
416,LGA PackageSizeHeight 8.1,/settings/update?propertyName=LgaPackageSizeHeight&value=8.1,3,패키지 높이 8.1,
417,LGA PackageSizeWidth 10으로,/settings/update?propertyName=LgaPackageSizeWidth&value=10,3,패키지 가로크기 10,
418,LGA PackageSizeWidth 11.5로,/settings/update?propertyName=LgaPackageSizeWidth&value=11.5,3,패키지 폭 변경,
419,LGA PackageSizeWidth 12.2,/settings/update?propertyName=LgaPackageSizeWidth&value=12.2,3,,
420,LGA PackageSizeWidth 13.4,/settings/update?propertyName=LgaPackageSizeWidth&value=13.4,3,패키지 가로 13.4,
421,LgaPackageSizeWidth를 14.2로 조정해 주세요,/settings/update?propertyName=LgaPackageSizeWidth&value=14.2,3,Package 폭 조절,
422,PackageSizeWidth를 14.4로 늘려 주세요,/settings/update?propertyName=LgaPackageSizeWidth&value=14.4,3,Package 폭 조정,
423,LGA PackageSizeWidth 8.9,/settings/update?propertyName=LgaPackageSizeWidth&value=8.9,3,패키지 폭 8.9로 변경,
424,LGA PadArea 10으로 설정,/settings/update?propertyName=LgaPadArea&value=10,3,Pad 면적 조정,
425,PadArea를 12로 변경,/settings/update?propertyName=LgaPadArea&value=12,3,PadArea 값을 12로 변경,
426,LgaPadArea 13으로 설정해 주시겠어요?,/settings/update?propertyName=LgaPadArea&value=13,3,Pad 면적 조정,
427,PadArea를 14로 변겅,/settings/update?propertyName=LgaPadArea&value=14,3,PadArea 14로 변겅,
428,PadArea를 15로 설정해 주세요,/settings/update?propertyName=LgaPadArea&value=15,3,PadArea 값 변경,
429,LgaPadCount 색상을 Coral로 바꿔 주세요,/settings/update?propertyName=LgaPadCountColor&value=Coral,3,PadCount 색상 변경,
430,PadCount 색상 Cyan,/settings/update?propertyName=LgaPadCountColor&value=Cyan,3,PadCount 색상 Cyan 적용,
431,PadCount 색상을 Cyan으로 바꿔 주세요,/settings/update?propertyName=LgaPadCountColor&value=Cyan,3,PadCount 색상 변경,
432,PadCount 색상 Gray,/settings/update?propertyName=LgaPadCountColor&value=Gray,3,,
433,PadCount 색상 Olive로,/settings/update?propertyName=LgaPadCountColor&value=Olive,3,PadCount 색상 Olive로 지정,
434,LGA PadCount 색상 Red로 바꿔줘,/settings/update?propertyName=LgaPadCountColor&value=Red,3,PadCount 색상 변경,
435,LGA PadCountColor를 White로,/settings/update?propertyName=LgaPadCountColor&value=White,3,PadCount 색상 White,
436,LGA PadOffsetT 0.06으로 세팅,/settings/update?propertyName=LgaPadOffsetT&value=0.06,3,Pad Offset T 조정,
437,PadOffsetT 값 0.08,/settings/update?propertyName=LgaPadOffsetT&value=0.08,3,PadOffsetT 0.08로 조정,
438,PadOffsetT를 0.09로 조정해 주세요,/settings/update?propertyName=LgaPadOffsetT&value=0.09,3,PadOffsetT 변경,
439,LgaPadOffsetT를 0.1로 변경 바랍니다,/settings/update?propertyName=LgaPadOffsetT&value=0.1,3,Pad Offset T 변경,
440,PadOffsetT 0.12로 맞춤,/settings/update?propertyName=LgaPadOffsetT&value=0.12,3,PadOffsetT 0.12,
441,PadOffsetX 0.25 적용,/settings/update?propertyName=LgaPadOffsetX&value=0.25,3,PadOffsetX 값을 0.25로 설정,
442,LGA PadOffsetX 0.4로 변경,/settings/update?propertyName=LgaPadOffsetX&value=0.4,3,Pad Offset X 조정,
443,LgaPadOffsetX를 0.45로 변경해 주세요,/settings/update?propertyName=LgaPadOffsetX&value=0.45,3,Pad Offset X 조정,
444,PadOffsetX는 0.5,/settings/update?propertyName=LgaPadOffsetX&value=0.5,3,PadOffsetX 값 0.5 지정,
445,PadOffsetX를 0.7로 조절해 주세요,/settings/update?propertyName=LgaPadOffsetX&value=0.7,3,PadOffsetX 변경,
446,LGA PadPerimeter 값을 3.7로,/settings/update?propertyName=LgaPadPerimeter&value=3.7,3,Pad 둘레 변경,
447,LgaPadPerimeter를 3.91까지 조정해 주세요,/settings/update?propertyName=LgaPadPerimeter&value=3.91,3,Pad 둘레 값 조정,
448,PadPerimeter를 4로 해 주세요,/settings/update?propertyName=LgaPadPerimeter&value=4,3,PadPerimeter 값 조정,
449,LgaPadPerimeter 4.2,/settings/update?propertyName=LgaPadPerimeter&value=4.2,3,Pad 둘레값을 4.2로,
450,LgaPadPerimeter 4.8,/settings/update?propertyName=LgaPadPerimeter&value=4.8,3,Pad 둘레값 4.8,
451,LgaPadPitch 값을 0.78로 바꿔 주세요,/settings/update?propertyName=LgaPadPitch&value=0.78,3,PadPitch 값 변경,
452,LGA PadPitch 0.8로 맞춰줘,/settings/update?propertyName=LgaPadPitch&value=0.8,3,Pad Pitch 설정,
453,PadPitch를 0.85로 만들어 주세요,/settings/update?propertyName=LgaPadPitch&value=0.85,3,PadPitch 값 변경,
454,LgaPadPitch 값 0.95로,/settings/update?propertyName=LgaPadPitch&value=0.95,3,PadPitch 값을 0.95로 지정,
455,LgaPadPitch 1.05,/settings/update?propertyName=LgaPadPitch&value=1.05,3,PadPitch 1.05 세팅,
456,RejectMarkColor를 Black로,/settings/update?propertyName=LgaRejectMarkColor&value=Black,3,,
457,RejectMarkColor Black,/settings/update?propertyName=LgaRejectMarkColor&value=Black,3,RejectMark 색상 Black,
458,LgaRejectMarkColor 검정으로 세팅 했어요,/settings/update?propertyName=LgaRejectMarkColor&value=Black,3,RejectMark 색상 검정,
459,RejectMark 색상 Blue로 변경,/settings/update?propertyName=LgaRejectMarkColor&value=Blue,3,RejectMark 색상 Blue 변경,
460,LGA RejectMarkColor를 Coral로,/settings/update?propertyName=LgaRejectMarkColor&value=Coral,3,RejectMark 색상 Coral,
461,RejectMark 표시 색 Green,/settings/update?propertyName=LgaRejectMarkColor&value=Green,3,RejectMark 색상 Green,
462,LGA RejectMarkColor Orange로 바꿔줘,/settings/update?propertyName=LgaRejectMarkColor&value=Orange,3,RejectMark 색상 변경,
463,RejectMark 색상을 Orange로 줘요,/settings/update?propertyName=LgaRejectMarkColor&value=Orange,3,RejectMark 색상 조정,
464,RejectMark 색상 Purple,/settings/update?propertyName=LgaRejectMarkColor&value=Purple,3,RejectMark 색상 Purple,
465,RejectMarkColor를 Purple로 바꿔 주세요,/settings/update?propertyName=LgaRejectMarkColor&value=Purple,3,RejectMark 색상 변경,
466,LGA RejectMark 색상을 Silver로,/settings/update?propertyName=LgaRejectMarkColor&value=Silver,3,RejectMark 색상 변경,
467,LgaRejectMarkColor를 Teal로 변경해주실래요?,/settings/update?propertyName=LgaRejectMarkColor&value=Teal,3,RejectMark 색상 변경,
468,MapNoDeviceColor Blue로 변경,/settings/update?propertyName=MapNoDeviceColor&value=Blue,3,MapNoDevice 색상 Blue,
469,MapNoDeviceColor를 Cyan으로 바꿔줘,/settings/update?propertyName=MapNoDeviceColor&value=Cyan,3,MapNoDevice 색상 Cyan,
470,MapNoDevice 색상 Green으로,/settings/update?propertyName=MapNoDeviceColor&value=Green,3,MapNoDevice 색상 Green,
471,MapNoDeviceColor Orange로 바꿔주세요,/settings/update?propertyName=MapNoDeviceColor&value=Orange,3,MapNoDevice 색상 Orange,
472,MapNoDevice 색상 Purple로,/settings/update?propertyName=MapNoDeviceColor&value=Purple,3,MapNoDevice 색상 Purple,
473,MapNoDeviceColor를 Red로,/settings/update?propertyName=MapNoDeviceColor&value=Red,3,MapNoDevice 색상 Red,
474,MapNoDeviceColor Yellow로,/settings/update?propertyName=MapNoDeviceColor&value=Yellow,3,MapNoDevice 색상 Yellow,
475,MapPackageOffsetColor Blue로,/settings/update?propertyName=MapPackageOffsetColor&value=Blue,3,MapPackageOffset 색상 Blue,
476,MapPackageOffsetColor Gray로,/settings/update?propertyName=MapPackageOffsetColor&value=Gray,3,MapPackageOffset 색상 Gray,
477,MapPackageOffsetColor Lime으로,/settings/update?propertyName=MapPackageOffsetColor&value=Lime,3,MapPackageOffset 색상 Lime,
478,MapPackageOffsetColor Navy로 변경,/settings/update?propertyName=MapPackageOffsetColor&value=Navy,3,MapPackageOffset 색상 Navy,
479,MapPackageOffsetColor Orange로 변경,/settings/update?propertyName=MapPackageOffsetColor&value=Orange,3,MapPackageOffset 색상 Orange,
480,MapPackageOffsetColor Red로,/settings/update?propertyName=MapPackageOffsetColor&value=Red,3,MapPackageOffset 색상 Red,
481,MapPackageOffset 색상 Silver로,/settings/update?propertyName=MapPackageOffsetColor&value=Silver,3,MapPackageOffset 색상 Silver,
482,MapPackageSizeColor Black으로,/settings/update?propertyName=MapPackageSizeColor&value=Black,3,MapPackageSize 색상 Black,
483,MapPackageSizeColor Green으로,/settings/update?propertyName=MapPackageSizeColor&value=Green,3,MapPackageSize 색상 Green,
484,MapPackageSizeColor를 Magenta로,/settings/update?propertyName=MapPackageSizeColor&value=Magenta,3,MapPackageSize 색상 Magenta,
485,MapPackageSizeColor Pink로,/settings/update?propertyName=MapPackageSizeColor&value=Pink,3,MapPackageSize 색상 Pink,
486,MapPackageSize 색상 Purple로,/settings/update?propertyName=MapPackageSizeColor&value=Purple,3,MapPackageSize 색상 Purple,
487,MapPackageSizeColor Teal로 바꿔,/settings/update?propertyName=MapPackageSizeColor&value=Teal,3,MapPackageSize 색상 Teal,
488,MapPackageSizeColor Yellow로 바꿔,/settings/update?propertyName=MapPackageSizeColor&value=Yellow,3,MapPackageSize 색상 Yellow,
489,MapPackageSizeHeight 5.5로,/settings/update?propertyName=MapPackageSizeHeight&value=5.5,3,MapPackageSize 높이 5.5,
490,MapPackageSizeHeight 6으로,/settings/update?propertyName=MapPackageSizeHeight&value=6,3,MapPackageSize 높이 6으로,
491,MapPackageSizeHeight 6.5로 변경,/settings/update?propertyName=MapPackageSizeHeight&value=6.5,3,MapPackageSize 높이 6.5,
492,MapPackageSize 세로를 7.2로,/settings/update?propertyName=MapPackageSizeHeight&value=7.2,3,MapPackageSize 높이 7.2,
493,MapPackageSize 세로 7.8로,/settings/update?propertyName=MapPackageSizeHeight&value=7.8,3,MapPackageSize 높이 7.8,
494,MapPackageSizeHeight 8.3으로 변경,/settings/update?propertyName=MapPackageSizeHeight&value=8.3,3,MapPackageSize 높이 8.3으로,
495,MapPackageSizeHeight 9로 설정,/settings/update?propertyName=MapPackageSizeHeight&value=9,3,MapPackageSize 높이 9,
496,MapPackageSizeWidth 10.5로,/settings/update?propertyName=MapPackageSizeWidth&value=10.5,3,MapPackageSize 폭 10.5,
497,MapPackageSizeWidth 11.2로 변경,/settings/update?propertyName=MapPackageSizeWidth&value=11.2,3,MapPackageSize 폭 11.2,
498,MapPackageSizeWidth 12로 설정,/settings/update?propertyName=MapPackageSizeWidth&value=12,3,MapPackageSize 폭 12로 설정,
499,MapPackageSize 가로를 13.8로,/settings/update?propertyName=MapPackageSizeWidth&value=13.8,3,MapPackageSize 폭 13.8,
500,MapPackageSizeWidth 14로 설정,/settings/update?propertyName=MapPackageSizeWidth&value=14,3,MapPackageSize 폭 14 설정,
501,MapPackageSizeWidth 15.5로,/settings/update?propertyName=MapPackageSizeWidth&value=15.5,3,MapPackageSize 폭 15.5로 변경,
502,MapPackageSize 가로 16.8로,/settings/update?propertyName=MapPackageSizeWidth&value=16.8,3,MapPackageSize 폭 16.8,
503,맵 패키지 타입 BGA로 변경 ,/settings/update?propertyName=MapPackageType&value=BGA,3,MapPackageType=BGA,
504,MapPackageType을 BGA로 바꿔줘,/settings/update?propertyName=MapPackageType&value=BGA,3,MapPackageType을 BGA로 변경,
505,매핑 패키지 타입 BGA로 설정,/settings/update?propertyName=MapPackageType&value=BGA,3,MapPackageType BGA로 설정,
506,매핑 패키지 타입을 LGA로 바꿔주세요,/settings/update?propertyName=MapPackageType&value=LGA,3,MapPackageType을 LGA로 변경,
507,MapPackageType LGA로 변경해주세요,/settings/update?propertyName=MapPackageType&value=LGA,3,MapPackageType LGA로 변경,
508,맵 패키지 타입 QFN으로 해 ,/settings/update?propertyName=MapPackageType&value=QFN,3,MapPackageType=QFN,
509,MapPackageType QFN으로 설정,/settings/update?propertyName=MapPackageType&value=QFN,3,MapPackageType을 QFN으로 설정,
510,MapPackageType을 QFN으로 바꿔주세요,/settings/update?propertyName=MapPackageType&value=QFN,3,MapPackageType QFN으로,
511,MapPackageType STRIP으로,/settings/update?propertyName=MapPackageType&value=STRIP,3,MapPackageType STRIP로 변경,
512,MappingSawOffset 색상 Coral로,/settings/update?propertyName=MappingSawOffsetColor&value=Coral,3,MappingSawOffset 색상 Coral,
513,MappingSawOffsetColor Cyan으로 변경,/settings/update?propertyName=MappingSawOffsetColor&value=Cyan,3,MappingSawOffset 색상 Cyan,
514,MappingSawOffsetColor Gold로,/settings/update?propertyName=MappingSawOffsetColor&value=Gold,3,MappingSawOffset 색상 Gold,
515,MappingSawOffsetColor Lime으로 변경,/settings/update?propertyName=MappingSawOffsetColor&value=Lime,3,MappingSawOffset 색상 Lime,
516,MappingSawOffsetColor Navy로,/settings/update?propertyName=MappingSawOffsetColor&value=Navy,3,MappingSawOffset 색상 Navy,
517,MappingSawOffsetColor Purple로,/settings/update?propertyName=MappingSawOffsetColor&value=Purple,3,MappingSawOffset 색상 Purple,
518,MappingSawOffsetColor Teal로,/settings/update?propertyName=MappingSawOffsetColor&value=Teal,3,MappingSawOffset 색상 Teal,
519,MappingSawOffsetX 0.15로,/settings/update?propertyName=MappingSawOffsetX&value=0.15,3,MappingSawOffset X 0.15,
520,MappingSawOffsetX 0.2로 설정,/settings/update?propertyName=MappingSawOffsetX&value=0.2,3,MappingSawOffset X 0.2로,
521,MappingSawOffsetX를 0.3으로,/settings/update?propertyName=MappingSawOffsetX&value=0.3,3,MappingSawOffset X 0.3,
522,MappingSawOffsetX 0.32로 변경,/settings/update?propertyName=MappingSawOffsetX&value=0.32,3,MappingSawOffset X 0.32,
523,MappingSawOffsetX 0.38로 세팅,/settings/update?propertyName=MappingSawOffsetX&value=0.38,3,MappingSawOffset X 0.38,
524,MappingSawOffsetX 0.4로 변경,/settings/update?propertyName=MappingSawOffsetX&value=0.4,3,MappingSawOffset X 0.4로,
525,MappingSawOffset X축 0.45로,/settings/update?propertyName=MappingSawOffsetX&value=0.45,3,MappingSawOffset X 0.45,
526,MappingSawOffsetY 0.15로,/settings/update?propertyName=MappingSawOffsetY&value=0.15,3,MappingSawOffset Y 0.15,
527,MappingSawOffsetY를 0.18로,/settings/update?propertyName=MappingSawOffsetY&value=0.18,3,MappingSawOffset Y 0.18,
528,MappingSawOffsetY 0.2로,/settings/update?propertyName=MappingSawOffsetY&value=0.2,3,MappingSawOffset Y 0.2로 설정,
529,MappingSawOffsetY 0.22로 세팅,/settings/update?propertyName=MappingSawOffsetY&value=0.22,3,MappingSawOffset Y 0.22,
530,MappingSawOffsetY 0.28로 조정,/settings/update?propertyName=MappingSawOffsetY&value=0.28,3,MappingSawOffset Y 0.28,
531,MappingSawOffsetY 0.35로 조정,/settings/update?propertyName=MappingSawOffsetY&value=0.35,3,MappingSawOffset Y 0.35로,
532,MappingSawOffset Y축 0.4로,/settings/update?propertyName=MappingSawOffsetY&value=0.4,3,MappingSawOffset Y 0.4,
533,맵 텍스트 오프셋X 1로 바꿔 ,/settings/update?propertyName=MapTextOffsetX&value=1,3,MapTextOffsetX=1,
534,MarkCount 2로 설정,/settings/update?propertyName=MarkCount&value=2,3,MarkCount 2로 설정,
535,MarkCount를 3으로,/settings/update?propertyName=MarkCount&value=3,3,MarkCount 값 3으로 설정,
536,Mark 개수를 4로 설정,/settings/update?propertyName=MarkCount&value=4,3,MarkCount 4로 설정,
537,MarkCount 5로 바꿔줘,/settings/update?propertyName=MarkCount&value=5,3,MarkCount 값 5로 변경,
538,MarkCount 6으로 변경,/settings/update?propertyName=MarkCount&value=6,3,MarkCount 6으로 변경,
539,MarkCount 7로 맞춰줘,/settings/update?propertyName=MarkCount&value=7,3,MarkCount 7로 설정,
540,Mark 개수 8로,/settings/update?propertyName=MarkCount&value=8,3,MarkCount 8로 설정,
541,패키지 높이 12.3으로 변경 ,/settings/update?propertyName=PackageHeight&value=12.3,3,PackageHeight=12.3 변경,
542,패키지 높이 15로 바꿔 줘 ,/settings/update?propertyName=PackageHeight&value=15,3,PackageHeight=15,
543,트레이 열 10으로 변경해줘 ,/settings/update?propertyName=TrayColCount&value=10,3,TrayColCount=10 변경,
544,트레이 행 20개로 변경 ,/settings/update?propertyName=TrayRowCount&value=20,3,TrayRowCount=20,
545,트레이 행 개수 8로 세팅해 ,/settings/update?propertyName=TrayRowCount&value=8,3,TrayRowCount=8 변경,
546,BGA 노디바이스 ON ,/settings/update?propertyName=UseBgaNoDevice&value=true,3,UseBgaNoDevice 활성화,*확인필요 <> 맞는지
547,BGA 패키지사이즈 사용 꺼 ,/settings/update?propertyName=UseBgaPackageSize&value=false,3,UseBgaPackageSize 비활성화,
548,LGA NoDevice 기능 끄기,/settings/update?propertyName=UseLgaNoDevice&value=false,3,NoDevice 기능 비활성화,
549,NoDevice 설정 끔,/settings/update?propertyName=UseLgaNoDevice&value=false,3,,
550,NoDevice 기능 OFF,/settings/update?propertyName=UseLgaNoDevice&value=false,3,NoDevice 옵션 비활성,
551,NoDevice 완전 비활성,/settings/update?propertyName=UseLgaNoDevice&value=false,3,NoDevice 완전 끔,
552,LGA NoDevice 기능 해제 할게요,/settings/update?propertyName=UseLgaNoDevice&value=false,3,NoDevice 기능 끄기,
553,NoDevice 기능 끄기로 해 주세요,/settings/update?propertyName=UseLgaNoDevice&value=false,3,NoDevice 기능 비활성화 요청,
554,LGA NoDevice 옵션 끄겠습니다,/settings/update?propertyName=UseLgaNoDevice&value=false,3,NoDevice 기능 비활성화,
555,LGA NoDevice 기능 켜기,/settings/update?propertyName=UseLgaNoDevice&value=true,3,NoDevice 기능 활성화,
556,NoDevice 기능 활성화,/settings/update?propertyName=UseLgaNoDevice&value=true,3,,
557,NoDevice 모드 켜기,/settings/update?propertyName=UseLgaNoDevice&value=true,3,NoDevice 옵션 활성화,
558,NoDevice 활성화,/settings/update?propertyName=UseLgaNoDevice&value=true,3,LGA NoDevice 활성화 명령,
559,LGA NoDevice 기능 활성화 해 주세요,/settings/update?propertyName=UseLgaNoDevice&value=true,3,NoDevice 기능 켜기,
560,NoDevice 기능 켜 주세요,/settings/update?propertyName=UseLgaNoDevice&value=true,3,NoDevice 기능 활성화 요청,
561,LGA NoDevice 옵션 켜 주세요,/settings/update?propertyName=UseLgaNoDevice&value=true,3,NoDevice 기능 활성화,
562,LGA PadCount 기능 OFF,/settings/update?propertyName=UseLgaPadCount&value=false,3,PadCount 비활성화,
563,PadCount 옵션 비활성,/settings/update?propertyName=UseLgaPadCount&value=false,3,,
564,PadCount 옵션 끄기,/settings/update?propertyName=UseLgaPadCount&value=false,3,PadCount 기능 비활성,
565,PadCount 기능 해제,/settings/update?propertyName=UseLgaPadCount&value=false,3,PadCount 기능 완전 해제,
566,LGA PadCount 비활성화 할게요,/settings/update?propertyName=UseLgaPadCount&value=false,3,PadCount 기능 끄기,
567,PadCount 기능을 해제해 주세요,/settings/update?propertyName=UseLgaPadCount&value=false,3,PadCount 기능 비활성화,
568,LGA PadCount 기능 정지할게요,/settings/update?propertyName=UseLgaPadCount&value=false,3,PadCount 기능 비활성화,
569,LGA PadCount 기능 ON,/settings/update?propertyName=UseLgaPadCount&value=true,3,PadCount 활성화,
570,PadCount 옵션 활성,/settings/update?propertyName=UseLgaPadCount&value=true,3,,
571,PadCount 옵션 활성화,/settings/update?propertyName=UseLgaPadCount&value=true,3,PadCount 기능 활성화,
572,PadCount 즉시 적용,/settings/update?propertyName=UseLgaPadCount&value=true,3,PadCount 값 즉시 적용,
573,LGA PadCount 활성화 해 주세요,/settings/update?propertyName=UseLgaPadCount&value=true,3,PadCount 기능 켜기,
574,PadCount 기능을 사용하도록 해 주세요,/settings/update?propertyName=UseLgaPadCount&value=true,3,PadCount 기능 활성화,
575,LGA PadCount 사용 가능하게 해주세요,/settings/update?propertyName=UseLgaPadCount&value=true,3,PadCount 사용 기능 활성화,
576,UseMapCornerDegree 비활성,/settings/update?propertyName=UseMapCornerDegree&value=false,3,UseMapCornerDegree 비활성화,
577,MapCornerDegree 기능 끄기,/settings/update?propertyName=UseMapCornerDegree&value=false,3,UseMapCornerDegree 비활성화,
578,UseMapCornerDegree 사용 중지,/settings/update?propertyName=UseMapCornerDegree&value=false,3,UseMapCornerDegree 비활성화,
579,MapCornerDegree 사용 안 함,/settings/update?propertyName=UseMapCornerDegree&value=false,3,UseMapCornerDegree 비활성화,
580,UseMapCornerDegree 활성화해줘,/settings/update?propertyName=UseMapCornerDegree&value=true,3,UseMapCornerDegree 활성화,
581,UseMapCornerDegree 사용 설정,/settings/update?propertyName=UseMapCornerDegree&value=true,3,UseMapCornerDegree 활성화,
582,MapCornerDegree 기능 켜기,/settings/update?propertyName=UseMapCornerDegree&value=true,3,UseMapCornerDegree 활성화,
583,UseMapNoDevice 끄기,/settings/update?propertyName=UseMapNoDevice&value=false,3,UseMapNoDevice 비활성화,
584,MapNoDevice 사용 안 함으로,/settings/update?propertyName=UseMapNoDevice&value=false,3,UseMapNoDevice 비활성,
585,UseMapNoDevice 끄기 부탁합니다,/settings/update?propertyName=UseMapNoDevice&value=false,3,UseMapNoDevice 비활성화 요청,
586,MapNoDevice 기능 끄기,/settings/update?propertyName=UseMapNoDevice&value=false,3,UseMapNoDevice 비활성화,
587,UseMapNoDevice 켜줘,/settings/update?propertyName=UseMapNoDevice&value=true,3,UseMapNoDevice 활성화,
588,UseMapNoDevice 활성화해주세요,/settings/update?propertyName=UseMapNoDevice&value=true,3,UseMapNoDevice 활성화 요청,
589,MapNoDevice 사용 켜줘,/settings/update?propertyName=UseMapNoDevice&value=true,3,UseMapNoDevice 활성화,
590,UseMapPackageOffset 끄기,/settings/update?propertyName=UseMapPackageOffset&value=false,3,UseMapPackageOffset 비활성화,
591,MapPackageOffset 사용 해제,/settings/update?propertyName=UseMapPackageOffset&value=false,3,UseMapPackageOffset 비활성,
592,UseMapPackageOffset 사용 해제,/settings/update?propertyName=UseMapPackageOffset&value=false,3,UseMapPackageOffset 비활성화,
593,MapPackageOffset 기능 끄기,/settings/update?propertyName=UseMapPackageOffset&value=false,3,UseMapPackageOffset 비활성화,
594,UseMapPackageOffset 켜주세요,/settings/update?propertyName=UseMapPackageOffset&value=true,3,UseMapPackageOffset 활성화,
595,UseMapPackageOffset 사용 설정,/settings/update?propertyName=UseMapPackageOffset&value=true,3,UseMapPackageOffset 활성화,
596,MapPackageOffset 기능 켜줘,/settings/update?propertyName=UseMapPackageOffset&value=true,3,UseMapPackageOffset 활성화,
597,UseMapPackageSize 해제,/settings/update?propertyName=UseMapPackageSize&value=false,3,UseMapPackageSize 기능 해제,
598,UseMapPackageSize 사용 안 함,/settings/update?propertyName=UseMapPackageSize&value=false,3,UseMapPackageSize 비활성화,
599,MapPackageSize 기능 끄기,/settings/update?propertyName=UseMapPackageSize&value=false,3,UseMapPackageSize 비활성화,
600,UseMapPackageSize 활성화,/settings/update?propertyName=UseMapPackageSize&value=true,3,UseMapPackageSize 기능 활성화,
601,MapPackageSize 사용하도록,/settings/update?propertyName=UseMapPackageSize&value=true,3,UseMapPackageSize 활성화,
602,UseMapPackageSize 켜주세요,/settings/update?propertyName=UseMapPackageSize&value=true,3,UseMapPackageSize 활성화,
603,MapPackageSize 사용 설정,/settings/update?propertyName=UseMapPackageSize&value=true,3,UseMapPackageSize 사용 활성화,
604,QFN 패키지 오프셋 True로 ,/settings/update?propertyName=UseQfnPackageOffset&value=true,3,UseQfnPackageOffset 활성화,
605,2025년 9월 검사기록 요청 ,/history/update?propertyName=date&value=2025-09-01_2025-09-30,4,2025년 9월 전체 이력,
606,2025년 10월 전체 기록 보여줘 ,/history/update?propertyName=date&value=2025-10-01_2025-10-31,4,10월 한 달 전체 검사 뷰,
607,최근 한 달 검사 기록 보여줘,/history/update?propertyName=date&value=2025-10-01_2025-10-31,4,최근 한 달 기간 검사 기록 조회,
608,BGA 티칭 창 Ball 탭 ROI 추가,/teaching/bga/update?propertyName=BallRoi&value=add,5,,
609,BGA Ball 로이 추가,/teaching/bga/update?propertyName=BallRoi&value=add,5,,
610,BGA Ball 로이 생성,/teaching/bga/update?propertyName=BallRoi&value=add,5,,
611,BGA 티칭 Ball ROI 생성,/teaching/bga/update?propertyName=BallRoi&value=add,5,,
612,BGA 티칭 창 Ball 탭 ROI 삭제,/teaching/bga/update?propertyName=BallRoi&value=delete,5,,
613,BGA Ball 로이 삭제,/teaching/bga/update?propertyName=BallRoi&value=delete,5,,
614,BGA 티칭 창 Ball 탭 ROI 초기화,/teaching/bga/update?propertyName=BallRoi&value=reset,5,,
615,BGA Ball 로이 초기화,/teaching/bga/update?propertyName=BallRoi&value=reset,5,,
616,BGA 티칭 창 DontCare 탭 ROI 추가,/teaching/bga/update?propertyName=DontCareRoi&value=add,5,,
617,BGA DontCare 로이 추가,/teaching/bga/update?propertyName=DontCareRoi&value=add,5,,
618,BGA DontCare 로이 생성,/teaching/bga/update?propertyName=DontCareRoi&value=add,5,,
619,BGA 티칭 DontCare ROI 생성,/teaching/bga/update?propertyName=DontCareRoi&value=add,5,,
620,BGA 티칭 창 DontCare 탭 ROI 삭제,/teaching/bga/update?propertyName=DontCareRoi&value=delete,5,,
621,BGA DontCare 로이 삭제,/teaching/bga/update?propertyName=DontCareRoi&value=delete,5,,
622,BGA 티칭 창 DontCare 탭 ROI 초기화 ,/teaching/bga/update?propertyName=DontCareRoi&value=reset,5,,
623,BGA DontCare 로이 초기화 ,/teaching/bga/update?propertyName=DontCareRoi&value=reset,5,,
624,BGA ball 탭에서 Auto ROI 버튼 클릭,/teaching/bga/update?propertyName=findBallRoiAutoTeaching&value=1,5,,
625,BGA ball 탭 Auto ROI,/teaching/bga/update?propertyName=findBallRoiAutoTeaching&value=1,5,,
626,BGA ball tab Auto 로이,/teaching/bga/update?propertyName=findBallRoiAutoTeaching&value=1,5,,
627,BGA 볼탭 Auto 로이,/teaching/bga/update?propertyName=findBallRoiAutoTeaching&value=1,5,,
628,BGA 볼탭 오토 로이,/teaching/bga/update?propertyName=findBallRoiAutoTeaching&value=1,5,,
629,findBalls 버튼 클릭,/teaching/bga/update?propertyName=findBallsTeaching&value=1,5,,
630,BGA findBalls,/teaching/bga/update?propertyName=findBallsTeaching&value=1,5,,
631,BGA findBalls 시작,/teaching/bga/update?propertyName=findBallsTeaching&value=1,5,,
632,bga inspectRejectMark 버튼 클릭,/teaching/bga/update?propertyName=inspectRejectMarkTeaching&value=1,5,,
633,bga inspectRejectMark,/teaching/bga/update?propertyName=inspectRejectMarkTeaching&value=1,5,,
634,bga inspectRejectMark 시작,/teaching/bga/update?propertyName=inspectRejectMarkTeaching&value=1,5,,
635,bga inspectRejectMark 실행,/teaching/bga/update?propertyName=inspectRejectMarkTeaching&value=1,5,,
636,bga inspectRejectMark 버튼 눌러,/teaching/bga/update?propertyName=inspectRejectMarkTeaching&value=1,5,,
637,bga RejectMark 검출,/teaching/bga/update?propertyName=inspectRejectMarkTeaching&value=1,5,,
638,bga RejectMark 티칭 테스트,/teaching/bga/update?propertyName=inspectRejectMarkTeaching&value=1,5,,
639,inspect Sawing 버튼 클릭,/teaching/bga/update?propertyName=inspectSawingTeaching&value=1,5,,
640,BGA inspect Sawing 버튼 눌러,/teaching/bga/update?propertyName=inspectSawingTeaching&value=1,5,,
641,BGA inspect Sawing 시작시켜,/teaching/bga/update?propertyName=inspectSawingTeaching&value=1,5,,
642,BGA inspect Sawing,/teaching/bga/update?propertyName=inspectSawingTeaching&value=1,5,,
643,BGA Saw Offset 티칭 테스트,/teaching/bga/update?propertyName=inspectSawingTeaching&value=1,5,,
644,BGA Saw Offset 티칭 테스트 시작,/teaching/bga/update?propertyName=inspectSawingTeaching&value=1,5,,
645,BGA Sawing 자재의 치수 측정,/teaching/bga/update?propertyName=inspectSawingTeaching&value=1,5,,
646,BGA Sawing Chipping/Burr 파라미터 검출,/teaching/bga/update?propertyName=inspectSawingTeaching&value=1,5,,
647,BGA 창 inspectSurface 버튼 클릭,/teaching/bga/update?propertyName=inspectSurfaceTeaching&value=1,5,,
648,BGA inspectSurface,/teaching/bga/update?propertyName=inspectSurfaceTeaching&value=1,5,,
649,BGA inspectSurface 시작,/teaching/bga/update?propertyName=inspectSurfaceTeaching&value=1,5,,
650,bga Result 탭 Inspection 버튼 클릭,/teaching/bga/update?propertyName=inspectTeaching&value=1,5,,
651,bga Result 탭 Inspection,/teaching/bga/update?propertyName=inspectTeaching&value=1,5,,
652,bga Result Inspection 눌러줘,/teaching/bga/update?propertyName=inspectTeaching&value=1,5,,
653,bga Result Inspection 실행,/teaching/bga/update?propertyName=inspectTeaching&value=1,5,,
654,bga Result Inspection 시작,/teaching/bga/update?propertyName=inspectTeaching&value=1,5,,
655,bga 실제 검사 진행,/teaching/bga/update?propertyName=inspectTeaching&value=1,5,,
656,bga 검사 테스트,/teaching/bga/update?propertyName=inspectTeaching&value=1,5,,
657,BGA Ball 탭으로 이동,/teaching/bga/update?propertyName=moveTab&value=Ball,5,BGA 티칭 창에서 특정 탭으로 이동,
658,BGA Ball tab,/teaching/bga/update?propertyName=moveTab&value=Ball,5,BGA 티칭 창에서 특정 탭으로 이동,
659,BGA 볼 탭,/teaching/bga/update?propertyName=moveTab&value=Ball,5,BGA 티칭 창에서 특정 탭으로 이동,
660,BGA DontCare 탭으로 이동,/teaching/bga/update?propertyName=moveTab&value=DontCare,5,BGA 티칭 창에서 특정 탭으로 이동,
661,BGA DontCare tab,/teaching/bga/update?propertyName=moveTab&value=DontCare,5,BGA 티칭 창에서 특정 탭으로 이동,
662,BGA FirstPin/Pattern 탭으로 이동,/teaching/bga/update?propertyName=moveTab&value=FirstPin/Pattern,5,BGA 티칭 창에서 특정 탭으로 이동,
663,BGA FirstPin/Pattern tab,/teaching/bga/update?propertyName=moveTab&value=FirstPin/Pattern,5,BGA 티칭 창에서 특정 탭으로 이동,
664,BGA Package 탭으로 이동,/teaching/bga/update?propertyName=moveTab&value=Package,5,BGA 티칭 창에서 특정 탭으로 이동,
665,BGA Package tab,/teaching/bga/update?propertyName=moveTab&value=Package,5,BGA 티칭 창에서 특정 탭으로 이동,
666,BGA 패키지 탭,/teaching/bga/update?propertyName=moveTab&value=Package,5,BGA 티칭 창에서 특정 탭으로 이동,
667,BGA RejectMark 탭으로 이동,/teaching/bga/update?propertyName=moveTab&value=RejectMark,5,BGA 티칭 창에서 특정 탭으로 이동,
668,BGA RejectMark tab,/teaching/bga/update?propertyName=moveTab&value=RejectMark,5,BGA 티칭 창에서 특정 탭으로 이동,
669,BGA Result 탭으로 이동,/teaching/bga/update?propertyName=moveTab&value=Result,5,BGA 티칭 창에서 특정 탭으로 이동,
670,BGA Result tab,/teaching/bga/update?propertyName=moveTab&value=Result,5,BGA 티칭 창에서 특정 탭으로 이동,
671,BGA 리저트 탭,/teaching/bga/update?propertyName=moveTab&value=Result,5,BGA 티칭 창에서 특정 탭으로 이동,
672,BGA Sawing 탭으로 이동,/teaching/bga/update?propertyName=moveTab&value=Sawing,5,BGA 티칭 창에서 특정 탭으로 이동,
673,BGA Sawing tab,/teaching/bga/update?propertyName=moveTab&value=Sawing,5,BGA 티칭 창에서 특정 탭으로 이동,
674,BGA 소잉 탭으로 이동,/teaching/bga/update?propertyName=moveTab&value=Sawing,5,BGA 티칭 창에서 특정 탭으로 이동,
675,BGA Surface 탭으로 이동,/teaching/bga/update?propertyName=moveTab&value=Surface,5,BGA 티칭 창에서 특정 탭으로 이동,
676,BGA Surface tab,/teaching/bga/update?propertyName=moveTab&value=Surface,5,BGA 티칭 창에서 특정 탭으로 이동,
677,BGA 서페이스 탭으로 이동,/teaching/bga/update?propertyName=moveTab&value=Surface,5,BGA 티칭 창에서 특정 탭으로 이동,
678,BGA Edge 감지 방향을 All,/teaching/bga/update?propertyName=PackageEdgeDetectDirection&value=All,5,,
679,BGA 엣지 감지 방향 All,/teaching/bga/update?propertyName=PackageEdgeDetectDirection&value=All,5,,
680,BGA Edge Detect Direction All,/teaching/bga/update?propertyName=PackageEdgeDetectDirection&value=All,5,,
681,BGA Edge 감지 방향을 Horizontal,/teaching/bga/update?propertyName=PackageEdgeDetectDirection&value=Horizontal,5,,
682,BGA 엣지 감지 방향 Horizontal,/teaching/bga/update?propertyName=PackageEdgeDetectDirection&value=Horizontal,5,,
683,BGA Edge Detect Direction Horizontal,/teaching/bga/update?propertyName=PackageEdgeDetectDirection&value=Horizontal,5,,
684,BGA Edge 감지 방향을 Vertical,/teaching/bga/update?propertyName=PackageEdgeDetectDirection&value=Vertical,5,,
685,BGA 엣지 감지 방향 Vertical,/teaching/bga/update?propertyName=PackageEdgeDetectDirection&value=Vertical,5,,
686,BGA Edge Detect Direction Vertical,/teaching/bga/update?propertyName=PackageEdgeDetectDirection&value=Vertical,5,,
687,BGA Edge 감지 모드를 Best,/teaching/bga/update?propertyName=PackageEdgeDetectMode&value=Best,5,,
688,BGA 엣지 감지 모드 Best,/teaching/bga/update?propertyName=PackageEdgeDetectMode&value=Best,5,,
689,BGA Edge Detect Mode Best,/teaching/bga/update?propertyName=PackageEdgeDetectMode&value=Best,5,,
690,BGA Edge 감지 모드를 First,/teaching/bga/update?propertyName=PackageEdgeDetectMode&value=First,5,,
691,BGA 엣지 감지 모드 First,/teaching/bga/update?propertyName=PackageEdgeDetectMode&value=First,5,,
692,BGA Edge Detect Mode First,/teaching/bga/update?propertyName=PackageEdgeDetectMode&value=First,5,,
693,BGA Edge 감지 모드를 Last,/teaching/bga/update?propertyName=PackageEdgeDetectMode&value=Last,5,,
694,BGA 엣지 감지 모드 Last,/teaching/bga/update?propertyName=PackageEdgeDetectMode&value=Last,5,,
695,BGA Edge Detect Mode Last,/teaching/bga/update?propertyName=PackageEdgeDetectMode&value=Last,5,,
696,BGA 티칭 창 FirstPin/Pattern 탭 ROI 추가,/teaching/bga/update?propertyName=PatternRois&value=add,5,,
697,BGA FirstPin/Pattern 로이 추가,/teaching/bga/update?propertyName=PatternRois&value=add,5,,
698,BGA FirstPin/Pattern 로이 생성,/teaching/bga/update?propertyName=PatternRois&value=add,5,,
699,BGA 티칭 FirstPin/Pattern ROI 생성,/teaching/bga/update?propertyName=PatternRois&value=add,5,,
700,BGA 티칭 창 FirstPin/Pattern 탭 ROI 삭제,/teaching/bga/update?propertyName=PatternRois&value=delete,5,,
701,BGA FirstPin/Pattern 로이 삭제,/teaching/bga/update?propertyName=PatternRois&value=delete,5,,
702,BGA 티칭 창 FirstPin/Pattern 탭 ROI 초기화,/teaching/bga/update?propertyName=PatternRois&value=reset,5,,
703,BGA FirstPin/Pattern 로이 초기화,/teaching/bga/update?propertyName=PatternRois&value=reset,5,,
704,BGA 티칭 창 RejectMark 탭 ROI 추가,/teaching/bga/update?propertyName=RejectMarkRoi&value=add,5,,
705,BGA RejectMark 로이 추가,/teaching/bga/update?propertyName=RejectMarkRoi&value=add,5,,
706,BGA RejectMark 로이 생성,/teaching/bga/update?propertyName=RejectMarkRoi&value=add,5,,
707,BGA 티칭 RejectMark ROI 생성,/teaching/bga/update?propertyName=RejectMarkRoi&value=add,5,,
708,BGA 티칭 창 RejectMark 탭 ROI 삭제,/teaching/bga/update?propertyName=RejectMarkRoi&value=delete,5,,
709,BGA RejectMark 로이 삭제,/teaching/bga/update?propertyName=RejectMarkRoi&value=delete,5,,
710,BGA 티칭 창 RejectMark 탭 ROI 초기화 ,/teaching/bga/update?propertyName=RejectMarkRoi&value=reset,5,,
711,BGA RejectMark 로이 초기화 ,/teaching/bga/update?propertyName=RejectMarkRoi&value=reset,5,,
712,BGA 경로 초기화 ,/teaching/bga/update?propertyName=reset,5,BGA 경로 초기화,
713,Grid BGA Corner Degree Top Left 설정 ,/teaching/gridbga/update?propertyName=CornerDegreeTopLeft&value=89.5,5,BGA 코너 상단 좌측 각도 설정,
714,Grid BGA Foreign Material Count 상태 변경 ,/teaching/gridbga/update?propertyName=ForeignMaterialCount&value=2,5,BGA Foreign Material Count 설정,
715,Grid BGA Package Height 설정 ,/teaching/gridbga/update?propertyName=PackageHeight&value=10.2,5,BGA Package Height 설정,
716,Grid BGA Package Width 설정 ,/teaching/gridbga/update?propertyName=PackageWidth&value=12.5,5,BGA Package Width 설정,
717,Grid BGA Pattern Count 확인 ,/teaching/gridbga/update?propertyName=PatternCount&value=16,5,BGA Pattern Count 입력,
718,Grid BGA Saw Offset X 변경 ,/teaching/gridbga/update?propertyName=SawOffsetX&value=0.025,5,BGA Saw Offset X 설정,
719,Grid BGA Scratch Count 입력 ,/teaching/gridbga/update?propertyName=ScratchCount&value=3,5,BGA Scratch Count 설정,
720,DontCare ROI 추가,/teaching/lga/update?propertyName=DontCare_Button&value=add,5,DontCare ROI 추가,
721,DontCare ROI 추가 바람,/teaching/lga/update?propertyName=DontCare_Button&value=add,5,,
722,DontCare ROI 추가 실행,/teaching/lga/update?propertyName=DontCare_Button&value=add,5,DontCare ROI 추가 명령,
723,DontCare 영역 신규 추가 부탁,/teaching/lga/update?propertyName=DontCare_Button&value=add,5,DontCare ROI 추가 요청,
724,DontCare ROI 삭제,/teaching/lga/update?propertyName=DontCare_Button&value=delete,5,DontCare ROI 삭제,
725,DontCare 영역 삭제해 주세요,/teaching/lga/update?propertyName=DontCare_Button&value=delete,5,DontCare ROI 삭제 명령,
726,DontCare 영역 ROI 삭제 요청,/teaching/lga/update?propertyName=DontCare_Button&value=delete,5,DontCare ROI 삭제,
727,DontCare ROI 모두 삭제해 주세요,/teaching/lga/update?propertyName=DontCare_Button&value=delete,5,DontCare 탭 ROI 삭제,
728,DontCare ROI 초기화,/teaching/lga/update?propertyName=DontCare_Button&value=reset,5,DontCare ROI 초기화,
729,DontCare 전체 초기화,/teaching/lga/update?propertyName=DontCare_Button&value=reset,5,DontCare ROI 초기화,
730,DontCare ROI 완전초기화,/teaching/lga/update?propertyName=DontCare_Button&value=reset,5,,
731,DontCare ROI 영역 비움,/teaching/lga/update?propertyName=DontCare_Button&value=reset,5,,
732,DontCare 영역 리셋,/teaching/lga/update?propertyName=DontCare_Button&value=reset,5,DontCare 전부 초기화,
733,DontCare ROI 새로고침,/teaching/lga/update?propertyName=DontCare_Button&value=reset,5,DontCare ROI 전부 초기화,
734,DontCare ROI 새로 시작,/teaching/lga/update?propertyName=DontCare_Button&value=reset,5,DontCare ROI 전체 리셋,
735,DontCare 영역 리셋 할게요,/teaching/lga/update?propertyName=DontCare_Button&value=reset,5,DontCare ROI 초기화,
736,DontCare ROI 완전 리셋해주세요,/teaching/lga/update?propertyName=DontCare_Button&value=reset,5,DontCare 영역 ROI 초기화,
737,DontCare 영역 전부 초기화 부탁,/teaching/lga/update?propertyName=DontCare_Button&value=reset,5,DontCare ROI 초기화 명령,
738,Leads ROI 추가,/teaching/lga/update?propertyName=Leads_Button&value=add,5,Leads ROI 추가,
739,Leads ROI 전체 생성을 해줘,/teaching/lga/update?propertyName=Leads_Button&value=add,5,,
740,Leads ROI 다 생성,/teaching/lga/update?propertyName=Leads_Button&value=add,5,,
741,Leads ROI 신규 만들기,/teaching/lga/update?propertyName=Leads_Button&value=add,5,Leads 탭에 새 ROI 등록,
742,Leads ROI 전부 추가,/teaching/lga/update?propertyName=Leads_Button&value=add,5,Leads ROI 전체 추가,
743,Leads 영역 추가해 주시겠어요?,/teaching/lga/update?propertyName=Leads_Button&value=add,5,Leads ROI 추가 요청,
744,Leads ROI 다시 생성해 주세요,/teaching/lga/update?propertyName=Leads_Button&value=add,5,Leads 영역 ROI 새로 생성,
745,Leads 영역 신규 생성 바랍니다,/teaching/lga/update?propertyName=Leads_Button&value=add,5,신규 Leads ROI 추가,
746,Leads ROI 삭제,/teaching/lga/update?propertyName=Leads_Button&value=delete,5,Leads ROI 삭제,
747,Leads 영역 모두 삭제,/teaching/lga/update?propertyName=Leads_Button&value=delete,5,Leads ROI 삭제,
748,Leads ROI를 제거하세요,/teaching/lga/update?propertyName=Leads_Button&value=delete,5,,
749,Leads ROI 전체 제거,/teaching/lga/update?propertyName=Leads_Button&value=delete,5,Leads 영역 례이 전체 삭제,
750,Leads ROI 항목 지우기,/teaching/lga/update?propertyName=Leads_Button&value=delete,5,Leads ROI 항목 일괄 삭제,
751,Leads 영역 전체 삭제할게요,/teaching/lga/update?propertyName=Leads_Button&value=delete,5,Leads ROI 삭제 명령,
752,Leads 영역 ROI 삭제 부탁드립니다,/teaching/lga/update?propertyName=Leads_Button&value=delete,5,Leads 영역 ROI 삭제,
753,Leads ROI를 삭제해 주시겠어요?,/teaching/lga/update?propertyName=Leads_Button&value=delete,5,Leads 탭 ROI 삭제명령,
754,Leads ROI 초기화,/teaching/lga/update?propertyName=Leads_Button&value=reset,5,Leads ROI 초기화,
755,Leads ROI 전부 reset,/teaching/lga/update?propertyName=Leads_Button&value=reset,5,,
756,Leads ROI 모두 다 비워줘,/teaching/lga/update?propertyName=Leads_Button&value=reset,5,,
757,Leads ROI 일괄 리셋,/teaching/lga/update?propertyName=Leads_Button&value=reset,5,모든 Leads ROI 초기화,
758,Leads 영역 초기화 했습니다,/teaching/lga/update?propertyName=Leads_Button&value=reset,5,Leads ROI 초기화,
759,Leads 임계값 10-35으로 조정,/teaching/lga/update?propertyName=Leads_Threshold&value=10-35,5,Leads 임계값 조정,
760,Leads 임계값 범위 10-35로 바꿔 주세요,/teaching/lga/update?propertyName=Leads_Threshold&value=10-35,5,Leads 임계값 수정,
761,Leads 임계값 11-29로,/teaching/lga/update?propertyName=Leads_Threshold&value=11-29,5,Leads 임계값 11~29 지정,
762,Leads 임계치 14-36,/teaching/lga/update?propertyName=Leads_Threshold&value=14-36,5,Leads 임계값 14~36,
763,Leads 임계값 15-47,/teaching/lga/update?propertyName=Leads_Threshold&value=15-47,5,Leads 임계값 15-47,
764,Leads 임계값 2-23,/teaching/lga/update?propertyName=Leads_Threshold&value=2-23,5,Leads 임계값 2-23,
765,Leads 임계값 3-20으로 적용,/teaching/lga/update?propertyName=Leads_Threshold&value=3-20,5,Leads 임계값 3-20 설정,
766,Leads 임계값 4-29,/teaching/lga/update?propertyName=Leads_Threshold&value=4-29,5,,
767,Leads 임계값 4부터 30으로 조정 부탁드립니다,/teaching/lga/update?propertyName=Leads_Threshold&value=4-30,5,Leads 임계값 4-30 변경,
768,Leads 임계값을 5-27로 바꿔주세요,/teaching/lga/update?propertyName=Leads_Threshold&value=5-27,5,Leads 임계값 조정,
769,Leads 임계값 5-37,/teaching/lga/update?propertyName=Leads_Threshold&value=5-37,5,,
770,Leads 임계값 범위 6-33 적용,/teaching/lga/update?propertyName=Leads_Threshold&value=6-33,5,Leads 임계값 6~33 적용,
771,Leads 임계값측정 7-41,/teaching/lga/update?propertyName=Leads_Threshold&value=7-41,5,Leads 임계값 7~41 적용,
772,Leads 임계값 8-26 범위로 지정해 주세요,/teaching/lga/update?propertyName=Leads_Threshold&value=8-26,5,Leads 임계값 8-26 지정,
773,Package 임계값 1-10,/teaching/lga/update?propertyName=Package_Threshold&value=1-10,5,Package 임계값 1-10 설정,
774,Package 임계값을 1-14로 조정해 주세요,/teaching/lga/update?propertyName=Package_Threshold&value=1-14,5,Package 임계값 변경,
775,Package 임계값 1-15로 세팅,/teaching/lga/update?propertyName=Package_Threshold&value=1-15,5,Package 임계값 설정,
776,Package 임계값 2-17,/teaching/lga/update?propertyName=Package_Threshold&value=2-17,5,,
777,Package 임계값 5부터 16까지 바꿔 주세요,/teaching/lga/update?propertyName=Package_Threshold&value=5-16,5,Package 임계값 5-16 설정,
778,Package 임계값을 5-20으로,/teaching/lga/update?propertyName=Package_Threshold&value=5-20,5,Package 임계값 5~20 세팅,
779,Package 임계값 9-19,/teaching/lga/update?propertyName=Package_Threshold&value=9-19,5,Package 임계값 9~19 지정,
780,LGA 티칭 부분 설정 ,/teaching/lga/update?propertyName=Pads_Button&value=add,5,LGA Pads ROI 추가,
781,Pads ROI 추가,/teaching/lga/update?propertyName=Pads_Button&value=add,5,Pads ROI 추가,
782,Pads 로이 생성해,/teaching/lga/update?propertyName=Pads_Button&value=add,5,Pads ROI 추가,
783,Pads ROI 전부 등록,/teaching/lga/update?propertyName=Pads_Button&value=add,5,,
784,Pads ROI를 증가시켜줘,/teaching/lga/update?propertyName=Pads_Button&value=add,5,,
785,Pads ROI 전체 신규 생성,/teaching/lga/update?propertyName=Pads_Button&value=add,5,Pads 탭 례이 새로 추가됨,
786,Pads ROI 카운트 변경,/teaching/lga/update?propertyName=Pads_Button&value=add,5,Pads 탭 례이 개수 증가,
787,Pads 례이 새로 추가되었습니다,/teaching/lga/update?propertyName=Pads_Button&value=add,5,Pads 탭에서 ROI가 추가됨,
788,Pads 영역 ROI 추가해주시겠어요?,/teaching/lga/update?propertyName=Pads_Button&value=add,5,Pads 탭 ROI 새로 추가,
789,Pads 영역 새로 추가해 주세요,/teaching/lga/update?propertyName=Pads_Button&value=add,5,Pads 탭에 새로운 ROI 추가,
790,Pads ROI 삭제,/teaching/lga/update?propertyName=Pads_Button&value=delete,5,Pads ROI 삭제,
791,Pads ROI 삭제해주시기 바랍니다,/teaching/lga/update?propertyName=Pads_Button&value=delete,5,,
792,Pads 영역을 제거해 주세요,/teaching/lga/update?propertyName=Pads_Button&value=delete,5,Pads 영역 ROI 삭제,
793,Pads ROI 초기화,/teaching/lga/update?propertyName=Pads_Button&value=reset,5,Pads ROI 초기화,
794,패드 ROI 재설정,/teaching/lga/update?propertyName=Pads_Button&value=reset,5,,
795,Pads ROI 값 초기화 진행,/teaching/lga/update?propertyName=Pads_Button&value=reset,5,Pads ROI 값 모두 초기화,
796,Pads ROI 전체 해제,/teaching/lga/update?propertyName=Pads_Button&value=reset,5,Pads ROI 전체값 해제,
797,Pads ROI 리스트 갱신,/teaching/lga/update?propertyName=Pads_Button&value=reset,5,Pads ROI 리스트 새로고침,
798,Pads 롤을 초기화 하고 싶어요,/teaching/lga/update?propertyName=Pads_Button&value=reset,5,Pads ROI 초기화 실행,
799,Pads ROI 모두 지워주세요,/teaching/lga/update?propertyName=Pads_Button&value=reset,5,Pads 영역 ROI 초기화,
800,Pads 영역 모두 지워 주세요,/teaching/lga/update?propertyName=Pads_Button&value=reset,5,Pads 탭의 모든 ROI 초기화,
801,Pads 임계값 10-40으로 설정,/teaching/lga/update?propertyName=Pads_Threshold&value=10-40,5,Pads 임계값 설정 10-40,
802,Pads 임계값 10-50으로 지정,/teaching/lga/update?propertyName=Pads_Threshold&value=10-50,5,Pads 임계값 10-50 설정,
803,Pads 임계값 12에서 48로 바꿔야 해요,/teaching/lga/update?propertyName=Pads_Threshold&value=12-48,5,Pads 임계값 12-48 설정,
804,Pads 임계값을 13-48로,/teaching/lga/update?propertyName=Pads_Threshold&value=13-48,5,Pads 임계값 13~48 설정,
805,Pads 임계값 15-55,/teaching/lga/update?propertyName=Pads_Threshold&value=15-55,5,Pads 임계값 15~55로 설정,
806,Pads 임계값 16-30,/teaching/lga/update?propertyName=Pads_Threshold&value=16-30,5,,
807,Pads 임계값 20-55로 조절 바랍니다,/teaching/lga/update?propertyName=Pads_Threshold&value=20-55,5,Pads 임계값 재조정,
808,Pads 임계값을 20-60으로,/teaching/lga/update?propertyName=Pads_Threshold&value=20-60,5,Pads 임계값 20-60 설정,
809,Pads 탭 임계값 21-31,/teaching/lga/update?propertyName=Pads_Threshold&value=21-31,5,,
810,Pads 임계값 재설정 22-38,/teaching/lga/update?propertyName=Pads_Threshold&value=22-38,5,Pads 임계값 22~38 변경,
811,LGA 임계값 2-33 설정 ,/teaching/lga/update?propertyName=Pads_Threshold&value=2-33,5,LGA Pads 임계값 변경,
812,Pads 임계값 바꿔 23-80,/teaching/lga/update?propertyName=Pads_Threshold&value=23-80,5,Pads 임계값 23~80로 변경,
813,Pads 임계값 25-60으로 조정,/teaching/lga/update?propertyName=Pads_Threshold&value=25-60,5,Pads 임계값 25-60 변경,
814,Pads 임계값 25에서 60 사이로 맞춰 주세요,/teaching/lga/update?propertyName=Pads_Threshold&value=25-60,5,Pads 임계값 25-60 맞춤,
815,Pads 임계값 33-77로,/teaching/lga/update?propertyName=Pads_Threshold&value=33-77,5,Pads 임계값 33-77 지정,
816,Pads 임계값 35-70으로 업데이트,/teaching/lga/update?propertyName=Pads_Threshold&value=35-70,5,Pads 임계값 업데이트,
817,Pads 임계값 40-60,/teaching/lga/update?propertyName=Pads_Threshold&value=40-60,5,,
818,Pads 임계값 5에서 25로 변경해 주세요,/teaching/lga/update?propertyName=Pads_Threshold&value=5-25,5,Pads 임계값 변경,
819,RejectMark 임계값 120-200,/teaching/lga/update?propertyName=RejectMark_Threshold&value=120-200,5,RejectMark 임계값 120~200,
820,RejectMark 임계값 15-89,/teaching/lga/update?propertyName=RejectMark_Threshold&value=15-89,5,,
821,RejectMark 임계값 25-77,/teaching/lga/update?propertyName=RejectMark_Threshold&value=25-77,5,,
822,RejectMark 임계값 25-90으로 맞춰 주세요,/teaching/lga/update?propertyName=RejectMark_Threshold&value=25-90,5,RejectMark 임계값 수정,
823,RejectMark 임계값을 30에서 106으로 조정 부탁드립니다,/teaching/lga/update?propertyName=RejectMark_Threshold&value=30-106,5,RejectMark 임계값 30-106 조정,
824,RejectMark 임계값 33-101,/teaching/lga/update?propertyName=RejectMark_Threshold&value=33-101,5,RejectMark 임계값 33~101,
825,RejectMark 임계값 40-100으로,/teaching/lga/update?propertyName=RejectMark_Threshold&value=40-100,5,RejectMark 임계값 변경,
826,RejectMark 임계값 58-112,/teaching/lga/update?propertyName=RejectMark_Threshold&value=58-112,5,RejectMark 임계값 58~112로 변경,
827,RejectMark 임계값 62-108,/teaching/lga/update?propertyName=RejectMark_Threshold&value=62-108,5,RejectMark 임계값 62~108 입력,
828,RejectMark 임계값을 80-190으로 맞춰주세요,/teaching/lga/update?propertyName=RejectMark_Threshold&value=80-190,5,RejectMark 임계값 맞춤,
829,RejectMark 임계값 85에서 190으로 조절해 주세요,/teaching/lga/update?propertyName=RejectMark_Threshold&value=85-190,5,RejectMark 임계값 85-190 조절,
830,RejectMark 임계값 90-200 추천,/teaching/lga/update?propertyName=RejectMark_Threshold&value=90-200,5,RejectMark 임계값 추천,
831,RejectMark 임계값 99-205,/teaching/lga/update?propertyName=RejectMark_Threshold&value=99-205,5,RejectMark 임계값 99-205,
832,Sawing 임계값을 30부터 85까지로 변경해주세요,/teaching/lga/update?propertyName=Sawing_Threshold&value=30-85,5,Sawing 임계값 세팅,
833,Sawing 임계값 3-15,/teaching/lga/update?propertyName=Sawing_Threshold&value=3-15,5,,
834,Sawing 임계값변경 4-22,/teaching/lga/update?propertyName=Sawing_Threshold&value=4-22,5,Sawing 임계값 4~22,
835,Sawing 임계값을 45-80으로 적용,/teaching/lga/update?propertyName=Sawing_Threshold&value=45-80,5,Sawing 임계값 45-80 변화,
836,Sawing 임계값 51-97로 입력,/teaching/lga/update?propertyName=Sawing_Threshold&value=51-97,5,Sawing 임계값 51~97로 지정,
837,Sawing 임계값을 55에서 75로 설정해 주십시오,/teaching/lga/update?propertyName=Sawing_Threshold&value=55-75,5,Sawing 임계값 55-75 설정,
838,Sawing 임계값을 5-8로,/teaching/lga/update?propertyName=Sawing_Threshold&value=5-8,5,Sawing 임계값 5-8 적용,
839,Sawing 임계값을 60-111로,/teaching/lga/update?propertyName=Sawing_Threshold&value=60-111,5,,
840,Sawing 임계값 6-12로 수정해 주세요,/teaching/lga/update?propertyName=Sawing_Threshold&value=6-12,5,Sawing 임계값 변경,
841,Sawing 임계값 70-110으로 변경,/teaching/lga/update?propertyName=Sawing_Threshold&value=70-110,5,Sawing 임계값 변경,
842,Sawing 임계값 7-17로 변경 요청합니다,/teaching/lga/update?propertyName=Sawing_Threshold&value=7-17,5,Sawing 임계값 7-17 변경,
843,Sawing 임계값 7-18로 바꿨어요,/teaching/lga/update?propertyName=Sawing_Threshold&value=7-18,5,Sawing 임계값 변경,
844,Sawing 임계값 80-120,/teaching/lga/update?propertyName=Sawing_Threshold&value=80-120,5,Sawing 임계값 80~120,
845,Sawing 임계값 9-15,/teaching/lga/update?propertyName=Sawing_Threshold&value=9-15,5,Sawing 임계값 9~15 입력,
846,Surface ROI 추가,/teaching/lga/update?propertyName=Surface_Button&value=add,5,Surface ROI 추가,
847,Surface 부분 추가,/teaching/lga/update?propertyName=Surface_Button&value=add,5,Surface ROI 추가,
848,Surface ROI를 생성해주세요,/teaching/lga/update?propertyName=Surface_Button&value=add,5,,
849,Surface ROI 새로 추가,/teaching/lga/update?propertyName=Surface_Button&value=add,5,,
850,Surface ROI 추가 요청,/teaching/lga/update?propertyName=Surface_Button&value=add,5,Surface ROI 새로 생성,
851,Surface 영역 등록 부탁합니다,/teaching/lga/update?propertyName=Surface_Button&value=add,5,Surface ROI 추가 요청,
852,Surface 영역에 새 ROI 추가 바랍니다,/teaching/lga/update?propertyName=Surface_Button&value=add,5,Surface 영역 ROI 추가,
853,Surface 영역 새롭게 추가해 주세요,/teaching/lga/update?propertyName=Surface_Button&value=add,5,Surface ROI 추가 요청,
854,Surface ROI 삭제,/teaching/lga/update?propertyName=Surface_Button&value=delete,5,Surface ROI 삭제,
855,Surface ROI 싹다 삭제해,/teaching/lga/update?propertyName=Surface_Button&value=delete,5,,
856,Surface ROI 제거 요청,/teaching/lga/update?propertyName=Surface_Button&value=delete,5,,
857,Surface 영역 례이 삭제,/teaching/lga/update?propertyName=Surface_Button&value=delete,5,Surface ROI 전체 삭제,
858,Surface ROI 삭제해봐,/teaching/lga/update?propertyName=Surface_Button&value=delete,5,Surface ROI 신속 삭제,
859,Surface 영역을 삭제하려고 해요,/teaching/lga/update?propertyName=Surface_Button&value=delete,5,Surface ROI 삭제 명령,
860,Surface ROI 초기화,/teaching/lga/update?propertyName=Surface_Button&value=reset,5,Surface ROI 초기화,
861,Surface 영역 리셋,/teaching/lga/update?propertyName=Surface_Button&value=reset,5,,
862,Surface ROI 싹 초기화,/teaching/lga/update?propertyName=Surface_Button&value=reset,5,Surface ROI 전체 초기화,
863,Surface 영역 초기화 부탁드립니다,/teaching/lga/update?propertyName=Surface_Button&value=reset,5,Surface ROI 초기화 요청,
864,Surface ROI 전체 초기화 부탁해요,/teaching/lga/update?propertyName=Surface_Button&value=reset,5,Surface 영역 ROI 초기화,
865,Surface ROI 전면 리셋 부탁해요,/teaching/lga/update?propertyName=Surface_Button&value=reset,5,Surface ROI 초기화 명령,
866,Surface 임계치를 10부터 29로 설정해주세요,/teaching/lga/update?propertyName=Surface_Threshold&value=10-29,5,Surface 임계값 10-29 지정,
867,Surface 임계값 10-33,/teaching/lga/update?propertyName=Surface_Threshold&value=10-33,5,,
868,Surface 임계값 세팅 12-28,/teaching/lga/update?propertyName=Surface_Threshold&value=12-28,5,Surface 임계값 12~28 세팅,
869,Surface 임계값을 12-30으로 맞춤,/teaching/lga/update?propertyName=Surface_Threshold&value=12-30,5,Surface 임계값 조정,
870,Surface 임계값을 17-42로,/teaching/lga/update?propertyName=Surface_Threshold&value=17-42,5,Surface 임계값 17~42,
871,Surface 임계값을 17-80으로,/teaching/lga/update?propertyName=Surface_Threshold&value=17-80,5,,
872,Surface 임계값 조정 32-105,/teaching/lga/update?propertyName=Surface_Threshold&value=32-105,5,Surface 임계값 32~105 적용,
873,Surface 임계값 3-51,/teaching/lga/update?propertyName=Surface_Threshold&value=3-51,5,Surface 임계값 3~51,
874,Surface 임계값 5-27로 바꿔,/teaching/lga/update?propertyName=Surface_Threshold&value=5-27,5,Surface 임계값 5-27 설정,
875,Surface 임계값을 8-24로 해 주세요,/teaching/lga/update?propertyName=Surface_Threshold&value=8-24,5,Surface 임계값 조절,
876,QFN DontCare 로이 추가,/teaching/qfn/update?propertyName=DontCareRoi&value=,5,,
877,QFN DontCare 로이 삭제,/teaching/qfn/update?propertyName=DontCareRoi&value=,5,,
878,QFN DontCare 로이 초기화 ,/teaching/qfn/update?propertyName=DontCareRoi&value=,5,,
879,QFN 티칭 창 DontCare 탭 ROI 추가,/teaching/qfn/update?propertyName=DontCareRoi&value=add,5,,
880,QFN DontCare 로이 생성,/teaching/qfn/update?propertyName=DontCareRoi&value=add,5,,
881,QFN 티칭 DontCare ROI 생성,/teaching/qfn/update?propertyName=DontCareRoi&value=add,5,,
882,QFN 티칭 창 DontCare 탭 ROI 삭제,/teaching/qfn/update?propertyName=DontCareRoi&value=delete,5,,
883,QFN 티칭 창 DontCare 탭 ROI 초기화 ,/teaching/qfn/update?propertyName=DontCareRoi&value=reset,5,,
884,qfn 티칭 창에서 임계값 자동 설정,/teaching/qfn/update?propertyName=findAutoThresholdCommand&value=1,5,,
885,qfn 티칭 창에서 Threshold 자동 설정,/teaching/qfn/update?propertyName=findAutoThresholdCommand&value=1,5,,
886,qfn teaching Threshold 자동 설정,/teaching/qfn/update?propertyName=findAutoThresholdCommand&value=1,5,,
887,qfn teaching 창 자동 보정 값 설정,/teaching/qfn/update?propertyName=findAutoThresholdCommand&value=1,5,,
888,qfn teaching 창 보정 값 자동 설정,/teaching/qfn/update?propertyName=findAutoThresholdCommand&value=1,5,,
889,qfn 티칭 창 보정 값 자동 설정,/teaching/qfn/update?propertyName=findAutoThresholdCommand&value=1,5,,
890,qfn 티칭 창에서 ROI 자동 생성,/teaching/qfn/update?propertyName=findPackageRoiAutoCommand&value=1,5,,
891,qfn 티칭 창 auto ROI,/teaching/qfn/update?propertyName=findPackageRoiAutoCommand&value=1,5,,
892,qfn teaching auto ROI,/teaching/qfn/update?propertyName=findPackageRoiAutoCommand&value=1,5,,
893,qfn 티칭 창에서 로이 자동 생성,/teaching/qfn/update?propertyName=findPackageRoiAutoCommand&value=1,5,,
894,QFN Package 티칭 테스트,/teaching/qfn/update?propertyName=inspectPackageTeaching&value=1,5,,
895,QFN Find Package,/teaching/qfn/update?propertyName=inspectPackageTeaching&value=1,5,,
896,QFN 자재 외곽 검출해,/teaching/qfn/update?propertyName=inspectPackageTeaching&value=1,5,,
897,QFN 티칭창 패키지에서 자재 외곽 검출,/teaching/qfn/update?propertyName=inspectPackageTeaching&value=1,5,,
898,QFN Pad Leads 티칭 테스트,/teaching/qfn/update?propertyName=inspectPadAndLeadsTeaching&value=1,5,,
899,QFN Find Pad and Leads,/teaching/qfn/update?propertyName=inspectPadAndLeadsTeaching&value=1,5,,
900,"QFN Pad , Lead 검출",/teaching/qfn/update?propertyName=inspectPadAndLeadsTeaching&value=1,5,,
901,QFN Pad랑 Lead 검출해줘,/teaching/qfn/update?propertyName=inspectPadAndLeadsTeaching&value=1,5,,
902,QFN Reject Mark 티칭 테스트,/teaching/qfn/update?propertyName=inspectRejectMarkTeaching&value=1,5,,
903,QFN Reject Mark 검출,/teaching/qfn/update?propertyName=inspectRejectMarkTeaching&value=1,5,,
904,QFN 티칭 창에서 Reject Mark 검출해,/teaching/qfn/update?propertyName=inspectRejectMarkTeaching&value=1,5,,
905,QFN Sawing 티칭 테스트,/teaching/qfn/update?propertyName=inspectSawingTeaching&value=1,5,,
906,QFN Sawing 자재 치수 측정,/teaching/qfn/update?propertyName=inspectSawingTeaching&value=1,5,,
907,QFN 자재 치수 측정해줘,/teaching/qfn/update?propertyName=inspectSawingTeaching&value=1,5,,
908,QFN 티칭 창에서 자재 치수 측정해줘,/teaching/qfn/update?propertyName=inspectSawingTeaching&value=1,5,,
909,QFN Sawing Chipping과 Burr 검출,/teaching/qfn/update?propertyName=inspectSawingTeaching&value=1,5,,
910,"QFN 티칭 창에서 Chipping , Burr 검출해줘",/teaching/qfn/update?propertyName=inspectSawingTeaching&value=1,5,,
911,QFN Surface 티칭 테스트,/teaching/qfn/update?propertyName=inspectSurfaceTeaching&value=1,5,,
912,QFN 표면 결함 검출 테스트,/teaching/qfn/update?propertyName=inspectSurfaceTeaching&value=1,5,,
913,QFN 표면 결함 검출해줘,/teaching/qfn/update?propertyName=inspectSurfaceTeaching&value=1,5,,
914,QFN 티칭 창에서 표면 결함 검출해줘,/teaching/qfn/update?propertyName=inspectSurfaceTeaching&value=1,5,,
915,QFN surface 표면 결함 검출해줘,/teaching/qfn/update?propertyName=inspectSurfaceTeaching&value=1,5,,
916,QFN Lead 로이 삭제,/teaching/qfn/update?propertyName=LeadRois&value=,5,,
917,QFN Lead 로이 초기화,/teaching/qfn/update?propertyName=LeadRois&value=,5,,
918,QFN 티칭 창 Lead 탭 ROI 추가,/teaching/qfn/update?propertyName=LeadRois&value=add,5,,
919,QFN Lead 로이 추가,/teaching/qfn/update?propertyName=LeadRois&value=add,5,,
920,QFN Lead 로이 생성,/teaching/qfn/update?propertyName=LeadRois&value=add,5,,
921,QFN 티칭 Lead ROI 생성,/teaching/qfn/update?propertyName=LeadRois&value=add,5,,
922,QFN 티칭 창 Lead 탭 ROI 삭제,/teaching/qfn/update?propertyName=LeadRois&value=delete,5,,
923,QFN 티칭 창 Lead 탭 ROI 초기화,/teaching/qfn/update?propertyName=LeadRois&value=reset,5,,
924,QFN DontCare 탭으로 이동,/teaching/qfn/update?propertyName=moveTab&value=DontCare,5,,
925,QFN DontCare tab,/teaching/qfn/update?propertyName=moveTab&value=DontCare,5,,
926,QFN Package 탭으로 이동,/teaching/qfn/update?propertyName=moveTab&value=Package,5,,
927,QFN Package tab,/teaching/qfn/update?propertyName=moveTab&value=Package,5,,
928,QFN 패키지 탭,/teaching/qfn/update?propertyName=moveTab&value=Package,5,,
929,QFN padLeads 탭으로 이동,/teaching/qfn/update?propertyName=moveTab&value=padLeads,5,,
930,QFN padLeads tab,/teaching/qfn/update?propertyName=moveTab&value=padLeads,5,,
931,QFN RejectMark 탭으로 이동,/teaching/qfn/update?propertyName=moveTab&value=RejectMark,5,,
932,QFN RejectMark tab,/teaching/qfn/update?propertyName=moveTab&value=RejectMark,5,,
933,QFN Result 탭으로 이동,/teaching/qfn/update?propertyName=moveTab&value=Result,5,,
934,QFN Result tab,/teaching/qfn/update?propertyName=moveTab&value=Result,5,,
935,QFN 리저트 탭,/teaching/qfn/update?propertyName=moveTab&value=Result,5,,
936,QFN Sawing 탭으로 이동,/teaching/qfn/update?propertyName=moveTab&value=Sawing,5,,
937,QFN Sawing tab,/teaching/qfn/update?propertyName=moveTab&value=Sawing,5,,
938,QFN 소잉 탭으로 이동,/teaching/qfn/update?propertyName=moveTab&value=Sawing,5,,
939,QFN Surface 탭으로 이동,/teaching/qfn/update?propertyName=moveTab&value=Surface,5,,
940,QFN Surface tab,/teaching/qfn/update?propertyName=moveTab&value=Surface,5,,
941,QFN 서페이스 탭으로 이동,/teaching/qfn/update?propertyName=moveTab&value=Surface,5,,
942,QFN Surface 로이 삭제,/teaching/qfn/update?propertyName=SurfaceRoi&value=,5,,
943,QFN 티칭 창 Surface 탭 ROI 추가,/teaching/qfn/update?propertyName=SurfaceRoi&value=add,5,,
944,QFN Surface 로이 추가,/teaching/qfn/update?propertyName=SurfaceRoi&value=add,5,,
945,QFN Surface 로이 초기화,/teaching/qfn/update?propertyName=SurfaceRoi&value=add,5,,
946,QFN Surface 로이 생성,/teaching/qfn/update?propertyName=SurfaceRoi&value=add,5,,
947,QFN 티칭 Surface ROI 생성,/teaching/qfn/update?propertyName=SurfaceRoi&value=add,5,,
948,QFN 티칭 창 Surface 탭 ROI 삭제,/teaching/qfn/update?propertyName=SurfaceRoi&value=delete,5,,
949,QFN 티칭 창 Surface 탭 ROI 초기화,/teaching/qfn/update?propertyName=SurfaceRoi&value=reset,5,,
950,캘리브레이션 사이즈 초기화,/calibration/parameter?size=1-999999,6,사이즈 설정,
951,캘리 사이즈 초기화,/calibration/parameter?size=1-999999,6,사이즈 설정,
952,calibration size 초기화,/calibration/parameter?size=1-999999,6,사이즈 설정,
953,보정 창 사이즈 초기화,/calibration/parameter?size=1-999999,6,임계값 설정,
954,캘리브레이션 임계값 초기화,/calibration/parameter?threshold=0-255,6,임계값 설정,
955,캘리 임계값 초기화,/calibration/parameter?threshold=0-255,6,임계값 설정,
956,calibration threshold 초기화,/calibration/parameter?threshold=0-255,6,임계값 설정,
957,보정 창 threshold 초기화,/calibration/parameter?threshold=0-255,6,임계값 설정,
958,calibration lightsave,/calibration/update?propertyName=button&value=lightsave,6,보정 lightsave 버튼 클릭,
959,LightSave,/calibration/update?propertyName=button&value=lightsave,6,보정 lightsave 버튼 클릭,
960,캘리 라이트세이브,/calibration/update?propertyName=button&value=lightsave,6,보정 lightsave 버튼 클릭,
961,캘리브레이션 라이트세이브,/calibration/update?propertyName=button&value=lightsave,6,보정 lightsave 버튼 클릭,
962,보정 버튼 눌러줘 ,/calibration/update?propertyName=button&value=Test,6,보정 테스트 버튼 클릭,
963,보정 test,/calibration/update?propertyName=button&value=Test,6,보정 테스트 버튼 클릭,
964,보정 test 시작,/calibration/update?propertyName=button&value=Test,6,보정 테스트 버튼 클릭,
965,calibration test,/calibration/update?propertyName=button&value=Test,6,보정 테스트 버튼 클릭,
966,캘리 카메라 변경해 ,/calibration/update?propertyName=camera&value=SettingX1,6,보정 카메라 변경,
967,calibration 카메라 변경해 ,/calibration/update?propertyName=camera&value=SettingX1,6,보정 카메라 변경,
968,카메라 변경해 ,/calibration/update?propertyName=camera&value=SettingX1,6,보정 카메라 변경,
969,십자선 타입 기본으로 바꿔 ,/calibration/update?propertyName=recticletype&value=DEFAULT,6,십자선 타입 변경,
970,십자선 타입 default,/calibration/update?propertyName=recticletype&value=DEFAULT,6,십자선 타입 변경,
971,십자선 타입을 디폴트 설정,/calibration/update?propertyName=recticletype&value=DEFAULT,6,십자선 타입 변경,
972,십자선 타입 fullsize,/calibration/update?propertyName=recticletype&value=FULLSIZE,6,십자선 타입 변경,
973,보정창 십자선 타입 fullsize,/calibration/update?propertyName=recticletype&value=FULLSIZE,6,십자선 타입 변경,
974,보정창 십자선 풀사이즈로 바꿔줘,/calibration/update?propertyName=recticletype&value=FULLSIZE,6,십자선 타입 변경,
975,십자선 타입 none 설정,/calibration/update?propertyName=recticletype&value=NONE,6,십자선 타입 변경,
976,로이 생성해 ,/calibration/update?propertyName=roi&value=create,6,ROI 생성,
977,로이 생성,/calibration/update?propertyName=roi&value=create,6,ROI 생성,
978,로이 만들어줘,/calibration/update?propertyName=roi&value=create,6,ROI 생성,
979,로이 초기화,/calibration/update?propertyName=roi&value=recreate,6,ROI 생성,
980,로이 재생성,/calibration/update?propertyName=roi&value=recreate,6,ROI 생성,
981,로이 초기화 해,/calibration/update?propertyName=roi&value=recreate,6,ROI 생성,
982,로이 초기화 시켜줘,/calibration/update?propertyName=roi&value=recreate,6,ROI 생성,
983,로이 다시 생성,/calibration/update?propertyName=roi&value=recreate,6,ROI 생성,
984,보정 창 BIGGEST 기준 설정,/calibration/update?propertyName=select&value=BIGGEST,6,,
985,캡처할 물체의 기준을 여러 개체 중 가장 큰 개체를 기준으로 사용,/calibration/update?propertyName=select&value=BIGGEST,6,,
986,보정 창 여러 개체 중 가장 큰 개체를 기준으로 사용,/calibration/update?propertyName=select&value=BIGGEST,6,,
987,보정 창 CENTER 기준 설정,/calibration/update?propertyName=select&value=CENTER,6,,
988,캡처할 물체의 기준을 여러 개체의 중심에 있는 개체를 기준으로 사용해,/calibration/update?propertyName=select&value=CENTER,6,,
989,보정 창 여러 개체의 중심에 있는 개체를 기준으로,/calibration/update?propertyName=select&value=CENTER,6,,
990,보정 창 MULTIOBJECT 기준 설정,/calibration/update?propertyName=select&value=MULTIOBJECT,6,,
991,보정 창 물체 기준을 Multi-Object로,/calibration/update?propertyName=select&value=MULTIOBJECT,6,,
992,캡처할 물체의 기준을 여러 개체를 기준으로 사용,/calibration/update?propertyName=select&value=MULTIOBJECT,6,,
993,보정 창 여러 개체를 기준으로,/calibration/update?propertyName=select&value=MULTIOBJECT,6,,
994,보정 탭 바텀으로 바꿔줘,/calibration/update?propertyName=tab&value=bottom,6,보정 탭 변경,
995,캘리 창 탭 바텀으로 바꿔줘,/calibration/update?propertyName=tab&value=bottom,6,보정 탭 변경,
996,캘리브레이션 탭 bottom,/calibration/update?propertyName=tab&value=bottom,6,보정 탭 변경,
997,calibration bottom,/calibration/update?propertyName=tab&value=bottom,6,보정 탭 변경,
998,보정 탭 패드로 바꿔줘,/calibration/update?propertyName=tab&value=pad,6,보정 탭 변경,
999,캘리 창 탭 패드로 바꿔줘 ,/calibration/update?propertyName=tab&value=pad,6,보정 탭 변경,
1000,캘리브레이션 탭 pad,/calibration/update?propertyName=tab&value=pad,6,보정 탭 변경,
1001,calibration pad,/calibration/update?propertyName=tab&value=pad,6,보정 탭 변경,
1002,보정 탭 바꿔줘 ,/calibration/update?propertyName=tab&value=setting,6,보정 탭 변경,
1003,보정 탭 세팅으로 바꿔줘,/calibration/update?propertyName=tab&value=setting,6,보정 탭 변경,
1004,캘리 창 탭 세팅으로 바꿔줘 ,/calibration/update?propertyName=tab&value=setting,6,보정 탭 변경,
1005,캘리브레이션 탭 setting,/calibration/update?propertyName=tab&value=setting,6,보정 탭 변경,
1006,calibration setting,/calibration/update?propertyName=tab&value=setting,6,보정 탭 변경,
1007,보정 탭 트레이로 바꿔줘,/calibration/update?propertyName=tab&value=tray,6,보정 탭 변경,
1008,캘리 창 탭 트레이로 바꿔줘 ,/calibration/update?propertyName=tab&value=tray,6,보정 탭 변경,
1009,캘리브레이션 탭 tray,/calibration/update?propertyName=tab&value=tray,6,보정 탭 변경,
1010,calibration tray,/calibration/update?propertyName=tab&value=tray,6,보정 탭 변경,
1011,보정 탭 비젼으로 바꿔줘,/calibration/update?propertyName=tab&value=vision,6,보정 탭 변경,
1012,캘리 창 탭 비젼으로 바꿔줘 ,/calibration/update?propertyName=tab&value=vision,6,보정 탭 변경,
1013,캘리브레이션 탭 vision,/calibration/update?propertyName=tab&value=vision,6,보정 탭 변경,
1014,calibration vision,/calibration/update?propertyName=tab&value=vision,6,보정 탭 변경,
1015,calibration 임계값 100-200 설정해 ,/calibration/update?propertyName=threshold&value=100-200,6,임계값 설정,
1016,캘리창 threshold 100-200 설정해 ,/calibration/update?propertyName=threshold&value=100-200,6,임계값 설정,
1017,캘리브레이션 threshold 100-200 설정해 ,/calibration/update?propertyName=threshold&value=100-200,6,임계값 설정,
1018,캘리브레이션 임계값 100-200 설정해 ,/calibration/update?propertyName=threshold&value=100-200,6,임계값 설정,
1019,임계값 100-200 설정해 ,/calibration/update?propertyName=threshold&value=100-200,6,임계값 설정,
1020,매핑 테스트 돌려,/test/run/map,7,,
1021,맵핑 테스트 실행,/test/run/map,7,,
1022,맵 테스트 실행,/test/run/map,7,,
1023,맵핑 레시피 검증,/test/run/map,7,,
1024,맵핑 테스트 돌려 ,/test/run/map,7,매핑 테스트 실행,
1025,매핑 레시피 점검 ,/test/run/map,7,매핑 레시피 검증,
1026,맵 레시피 실행 ,/test/run/map,7,맵핑 레시피 실행,
1027,PRS 기반 테스트,/test/run/prs,7,,
1028,PRS 레시피 확인,/test/run/prs,7,,
1029,PRS 실행,/test/run/prs,7,,
1030,PRS 검사 실행 ,/test/run/prs,7,PRS 검사 실행,
1031,PRS 티칭 정보 점검 ,/test/run/prs,7,현재 티칭 정보 검증,
1032,PRS 검사 테스트 시작해 ,/test/run/prs,7,검사 테스트 시작,
1033,현재 티칭 정보 점검 ,/test/run/prs,7,현재 티칭 정보 검증,
1034,검사 테스트 시작해 ,/test/run/prs,7,검사 테스트 시작,
1035,테스트용 ROI 넣기 ,/roi/operation?operationName=AddRoiOperation&roiName=TestROI&row=300&col=300&height=200&width=200,8,테스트 ROI 추가,
1036,ROI 추가해 ,/roi/operation?operationName=AddRoiOperation&roiName=TestROI&row=500&col=500&height=1000&width=1000,8,ROI 추가,
1037,ROI 새로 만들어 줘 ,/roi/operation?operationName=CreateRoiOperation,8,ROI 새로 생성,
1038,ROI 영역 다시 만들기 ,/roi/operation?operationName=CreateRoiOperation,8,ROI 영역 재생성,
1039,ROI 전체 삭제해 줘 ,/roi/operation?operationName=DeleteRoiOperation,8,ROI 전체 삭제,
1040,ROI 삭제해 줘 ,/roi/operation?operationName=DeleteRoiOperation,8,ROI 전체 삭제,
1041,3번 ROI 삭제 ,/roi/operation?operationName=DeleteRoiOperation&index=3,8,특정 ROI(3번) 삭제,
1042,ROI 리셋해 줘 ,/roi/operation?operationName=ResetRoisOperation,8,ROI 전체 리셋,
1043,ROI 영역 초기화 ,/roi/operation?operationName=ResetRoisOperation,8,ROI 영역 초기화,
1044,런 모드 실행,/mode/set?mode=RUN,9,,
1045,운전 모드 전환,/mode/set?mode=RUN,9,,
1046,검사 시작 모드,/mode/set?mode=RUN,9,,
1047,RUN 모드 켜,/mode/set?mode=RUN,9,,
1048,검사 모드로 변경,/mode/set?mode=RUN,9,,
1049,실행모드로,/mode/set?mode=RUN,9,,
1050,런 모드 실행 ,/mode/set?mode=RUN,9,Run 모드 전환,
1051,운전 모드로 바꿔 ,/mode/set?mode=RUN,9,Run 모드 전환,
1052,검사 시작 모드 켜줘 ,/mode/set?mode=RUN,9,검사 모드 켜기,
1053,검사 모드로 변경 ,/mode/set?mode=RUN,9,검사 모드 전환,
1054,장비 운전 모드 시작 ,/mode/set?mode=RUN,9,장비 운전 모드 실행,
1055,시스템 런 모드 변환 ,/mode/set?mode=RUN,9,시스템 런 모드 변환,
1056,운전모드 시작해. ,/mode/set?mode=RUN,9,,
1057,운전 모드 바꿔줘. ,/mode/set?mode=RUN,9,,
1058,장비 운전모드. ,/mode/set?mode=RUN,9,,
1059,run 시작,/mode/set?mode=RUN,9,,
1060,모드 전환 버튼 run으로,/mode/set?mode=RUN,9,,
1061,모드 전환 버튼 런으로,/mode/set?mode=RUN,9,,
1062,run으로 변경,/mode/set?mode=RUN,9,,
1063,RU1 모드 켜,/mode/set?mode=RUN,9,,
1064,세팅 모드로 바꿔,/mode/set?mode=SETUP,9,,
1065,환경 설정 모드,/mode/set?mode=SETUP,9,,
1066,설정 모드로 변경 ,/mode/set?mode=SETUP,9,Setup 모드 전환,
1067,세팅 모드 진입 ,/mode/set?mode=SETUP,9,Setup 모드 진입,
1068,세팅 시작 ,/mode/set?mode=SETUP,9,세팅 모드 시작,
1069,장비 설정 모드로 변경 ,/mode/set?mode=SETUP,9,장비 설정 모드 변경,
1070,Setup 모드 해줘. ,/mode/set?mode=SETUP,9,,
1071,설정모드로 전환해. ,/mode/set?mode=SETUP,9,,
1072,세팅 모드 진입,/mode/set?mode=SETUP,9,,
1073,setup 시작,/mode/set?mode=SETUP,9,,
1074,모드 전환 버튼 setup으로,/mode/set?mode=SETUP,9,,
1075,모드 전환 버튼 셋업으로,/mode/set?mode=SETUP,9,,
1076,setup으로 변경,/mode/set?mode=SETUP,9,,
1077,채팅 초기화 해 ,/chat/clear,10,채팅/대화 초기화,
1078,대화 새로 시작 ,/chat/clear,10,채팅 새로 고침,
1079,시스템 체크,/api/status,99,,
1080,상태창 보여,/api/status,99,,
1081,상태 표시 보여줘 ,/api/status,99,시스템 상태 표시,
1082,시스템 점검 ,/api/status,99,시스템 상태 점검,
1083,채팅 창 닫아,/closeWindows,99,,
1084,열린 창 끄기,/closeWindows,99,,
1085,윈도우 닫기,/closeWindows,99,,
1086,창 닫아,/closeWindows,99,,
1087,윈도우 창 꺼줘 ,/closeWindows,99,열린 창 모두 닫기,
1088,창 다 꺼 ,/closeWindows,99,전체 창 종료,
1089,창 닫아 ,/closeWindows,99,열린 창 모두 닫기,
1090,윈도우 모두 닫아 ,/closeWindows,99,모든 창 닫기,
1091,대화창 종료 ,/closeWindows,99,창 닫기,
1092,모든 창 끄기 ,/closeWindows,99,열린 창 모두 종료,
1093,히스토리 기록 창 닫기,/closeWindows,99,검사 기록 창 종료 명령,
1094,프로그램 기록창 닫아줘,/closeWindows,99,프로그램 기록 창 종료,
1095,아니 ,/openWindow/no,99,부정 단답 no 처리,
1096,싫어 ,/openWindow/no,99,부정 단답,
1097,no ,/openWindow/no,99,영어 부정 no 처리,
1098,아니요 ,/openWindow/no,99,부정 단답,
1099,응 ,/openWindow/yes,99,긍정 단답 yes 처리,
1100,네 ,/openWindow/yes,99,긍정 단답 yes 처리,
1101,yes ,/openWindow/yes,99,영어 긍정 yes 처리,
1102,좋아 ,/openWindow/yes,99,긍정 단답,
1103,예 ,/openWindow/yes,99,긍정 단답,
